,시도,구분,제목,장소,기간,가격,문의처
0,서울특별시,뮤지컬/오페라,트레드밀,CJ 아지트 대학로(구 SM아트홀),2022-09-28~2022-11-05,유료,인터파크 1544-1555
1,서울특별시,전시,"MZ 세대 조각가 곽인탄 개인전, ""팔레트""",경복궁,2022-10-05~2022-11-05,무료,info@konggallery.com
6,서울특별시,무용/발레,구조의 구조,대학로예술극장 대극장,2022-11-04~2022-11-05,유료,070-8276-0917
14,서울특별시,국악,흥보마누라 이혼소송사건,성수아트홀,2022-11-04~2022-11-05,유료,성수아트홀 02-2204-7574
15,서울특별시,뮤지컬/오페라,"서울오페라페스티벌, 토스카",강동아트센터,2022-11-04~2022-11-05,유료,강동아트센터 02-440-0500
22,서울특별시,음악/콘서트,제2회 루먼 브라스 정기연주회,예술의전당 IBK챔버홀,2022-11-05~2022-11-05,유료,위드클래식 02-588-6360
23,서울특별시,음악/콘서트,쇼팽 vs 리스트,쌀롱드무지끄,2022-11-05~2022-11-05,유료,쌀롱드무지끄 010-8826-8364
27,서울특별시,음악/콘서트,이은혜 & 김은총 듀오 리사이틀,북서울 꿈의숲아트센터,2022-11-05~2022-11-05,유료,민예술기획 010-4951-0193
31,서울특별시,국악,K Music 한마당,베어홀,2022-11-05~2022-11-05,유료,베어홀 1899-2771
34,서울특별시,음악/콘서트,시작은 마흔이었다,JCC아트센터,2022-11-05~2022-11-05,유료,현대문화기획 02-2266-1307
40,서울특별시,음악/콘서트,바리톤 석상근 독창회,푸르지오 아트홀,2022-11-05~2022-11-05,유료,툴뮤직 02-3443-5702
41,서울특별시,음악/콘서트,"(사)홍정희오페라단 오페라 갈라콘서트, 별이 빛나는 밤에",국립극장 하늘극장,2022-11-05~2022-11-05,유료,리드예술기획 02-518-9792 / (사)홍정희 오페라단 02-3473-3170
42,서울특별시,음악/콘서트,"박물관으로간피아노, 박종성 & 김진세",목인박물관,2022-11-05~2022-11-05,유료,목인박물관 02-722-5055 / 포스트스트라디움 010-3599-4501
43,서울특별시,음악/콘서트,베이스 구본수 콘서트,윤당아트홀,2022-11-05~2022-11-05,유료,라이브러리컴퍼니 070-4190-1289
44,서울특별시,무용/발레,"제15회 K-Ballet World, 월드발레스타갈라",국립극장 해오름극장,2022-11-05~2022-11-05,유료,한국발레협회 02-538-0505
47,서울특별시,국악,청춘만발 콘서트,세실극장,2022-11-05~2022-11-05,유료,국립정동극장 세실 02-751-1500
48,서울특별시,음악/콘서트,최인 기타 리사이틀,영산아트홀,2022-11-05~2022-11-05,유료,피셔인젤 예술기획 070-4220-3287
50,서울특별시,연극,"유라시아셰익스피어극단(ESTC), 로미오&줄리엣(Romeo&Juliet) [노원]",노원문화예술회관,2022-11-05~2022-11-05,유료,노원문화재단 02-2289-3400
53,서울특별시,음악/콘서트,김재준 첼로 독주회,예술의전당 인춘아트홀,2022-11-05~2022-11-05,유료,JJ예술기획 02-511-1920
63,서울특별시,음악/콘서트,협성대학교 피아노과 교수 음악회,세종문화회관 체임버홀,2022-11-05~2022-11-05,유료,컬처파크209 02-556-0209
65,서울특별시,음악/콘서트,"아름다운 목요일, 스페셜 콘서트: 트리오 서울 (11.5)",금호아트홀 연세,2022-11-05~2022-11-05,유료,금호문화재단 02-6303-1977
67,서울특별시,음악/콘서트,김선욱 & 유럽 챔버 오케스트라 (11.05),예술의전당 콘서트홀,2022-11-05~2022-11-05,유료,빈체로 02-599-5743
70,서울특별시,뮤지컬/오페라,피노키오 [서울 서대문],서대문문화체육회관,2022-11-05~2022-11-05,유료,극단 희망 010-2258-9411
72,서울특별시,국악,[야광명월(夜光明月)] 그루브앤드,서울돈화문국악당,2022-11-05~2022-11-05,무료,02-3210-7001
73,서울특별시,음악/콘서트,정한빈 피아노 리사이틀 - 친애하는 프란츠에게,예술의전당 IBK챔버홀,2022-11-05~2022-11-05,유료,스톰프뮤직 02-2658-3546
75,서울특별시,뮤지컬/오페라,미세스 다웃파이어,샤롯데씨어터,2022-08-30~2022-11-06,유료,주식회사 스튜디오선데이 070-8260-0705
77,서울특별시,뮤지컬/오페라,삼총사,유니버설아트센터,2022-09-16~2022-11-06,유료,글로벌컨텐츠 02-2051-1698
79,서울특별시,뮤지컬/오페라,헬로마마 [서울],명작극장,2022-10-01~2022-11-06,유료,대영뮤지컬컴퍼니 02-712-7080
80,서울특별시,연극,눈을 뜻하는 수백 가지 단어들 (앵콜),드림아트센터,2022-10-13~2022-11-06,유료,(주)엠피앤컴퍼니 02-744-4033
83,서울특별시,뮤지컬/오페라,우당탕 커다란 순무뽑기 대소동 [서울],상상나라극장,2022-10-15~2022-11-06,유료,인터파크 1544-1555
84,서울특별시,연극,"제7회 늘푸른연극제, 겹괴기담",더 줌 아트센터,2022-10-21~2022-11-06,유료,더줌아트센터 02-790-6792~3
85,서울특별시,연극,속살,서완소극장 (구 씨어터고리),2022-10-25~2022-11-06,유료,010-5701-3477
86,서울특별시,연극,졸업,동숭무대 소극장,2022-10-26~2022-11-06,유료,010-8528-4130 (문자만)
87,서울특별시,연극,해피투게더,연우소극장,2022-10-26~2022-11-06,유료,010-9308-5728
88,서울특별시,연극,쓱싹쓱싹,극장 PLOT (구 1M SPACE),2022-10-26~2022-11-06,유료,인터파크 1544-1555
89,서울특별시,연극,표절 작가,대학로 스튜디오 76,2022-10-26~2022-11-06,유료,010-4514-5328
90,서울특별시,국악,"이희문 쏭폼스토리즈, 강남오아시스",세종문화회관 S씨어터,2022-10-27~2022-11-06,유료,세종문화회관 02-399-1000
91,서울특별시,연극,"웰컴 대학로, 건달은 개뿔",서경대학교 공연예술센터(혜화역),2022-10-27~2022-11-06,유료,아트리버 02-6498-0403
92,서울특별시,국악,이희문 쏭폼스토리즈 <강남오아시스>,세종문화회관 S씨어터,2022-10-27~2022-11-06,유료,02-399-1000
93,서울특별시,연극,즐거운 너의 집,미아리고개예술극장,2022-10-28~2022-11-06,유료,얄라리얄라 yallariyalla012@gmail.com / 인터파크 1544-1555
95,서울특별시,무용/발레,"유니버설발레단, 오네긴",예술의전당 오페라극장,2022-10-29~2022-11-06,유료,유니버설발레단 070-7124-1734
97,서울특별시,연극,지하비행사,연희예술극장,2022-11-02~2022-11-06,유료,인스타그램 @play_hyeyum / 인터파크 1544-1555
98,서울특별시,뮤지컬/오페라,"웰컴 대학로, 마리오네트",서경대학교 공연예술센터(혜화역),2022-11-02~2022-11-06,유료,(주)예술인 02-548-4480
99,서울특별시,연극,쥐 덫,소극장 공유(구.키작은소나무극장),2022-11-03~2022-11-06,유료,인터파크 1544-1555
100,서울특별시,연극,선물,보광극장,2022-11-03~2022-11-06,유료,010-5140-1105
101,서울특별시,연극,"제12회 미래연극제, 문병재 유머코드에 관한 사적인 보고서",씨어터쿰,2022-11-03~2022-11-06,유료,서울연극협회 02-765-7500
102,서울특별시,전시,eXplainable Human,갤러리 지하,2022-11-04~2022-11-06,무료,010-2970-8976
103,서울특별시,연극,세상을 편력하는 두 기사 이야기: 돈키호테로부터,씨어터 조이(구 마당세실극장),2022-11-04~2022-11-06,유료,010-2868-5659
104,서울특별시,무용/발레,Universe in Me,플랫폼엘 컨템포러리 아트센터,2022-11-04~2022-11-06,유료,인터파크 1544-1555
107,서울특별시,뮤지컬/오페라,제1회 윤악당뮤지컬밴드 정기공연,서울생활문화센터 서교,2022-11-05~2022-11-06,유료,02-6351-7533 / 010-4702-8816
111,서울특별시,연극,프리랜서 박 과장 실종사건,소극장피카소,2022-11-05~2022-11-06,유료,카카오채널 예술집단 멩이 / 인스타그램 meng_iiii / 인터파크 1544-1555
112,서울특별시,뮤지컬/오페라,이상한 날씨로 여행을 갈까요?,서서울예술교육센터,2022-11-05~2022-11-06,유료,서서울예술교육센터 02-2697-2600
114,서울특별시,연극,"제22회 월드 2인극 페스티벌, 머리맡",대학로 예술공간 혜화,2022-11-05~2022-11-06,유료,2인극페스티벌 조직위원회 070-7776-6613
116,서울특별시,연극,패크랫 [서울 마포],문화비축기지,2022-11-05~2022-11-06,유료,02-2633-2071
122,서울특별시,연극,"제6회 구로꿈나무인형극제, 배고파",구로꿈나무극장,2022-11-05~2022-11-06,유료,구로꿈나무극장 02-830-2561~2 / 2508
139,서울특별시,연극,Good doctor,피움스튜디오,2022-11-06~2022-11-06,무료,010-2237-0284
141,서울특별시,국악,"김철진, 신지희의 산조 연",국립국악원 풍류사랑방,2022-11-06~2022-11-06,무료,모아모아프로덕션 010-4035-9488
143,서울특별시,국악,제4회 박병재 대금독주회,서울돈화문국악당,2022-11-06~2022-11-06,유료,모아모아프로덕션 010-5709-0955
146,서울특별시,국악,제4회 박병재 대금독주회 여세추이Ⅱ（자작곡 발표회）,서울돈화문국악당,2022-11-06~2022-11-06,유료,010 5709 0955
147,서울특별시,국악,"김철진, 신지희의 산조 ‘緣(연)’",국립국악원 풍류사랑방,2022-11-06~2022-11-06,무료,010 4035 9488
148,서울특별시,음악/콘서트,창립 63주년 기념 한국기타협회정기연주회,세종문화회관 체임버홀,2022-11-06~2022-11-06,유료,한국기타협회 02-795-7551
150,서울특별시,음악/콘서트,권명 바이올린 독주회,예술의전당 리사이틀홀,2022-11-06~2022-11-06,유료,예인예술기획 02-586-0945
151,서울특별시,음악/콘서트,김준희 피아노 독주회,금호아트홀 연세,2022-11-06~2022-11-06,유료,이든예술기획 02-6412-3053
152,서울특별시,음악/콘서트,바리톤 문경재 귀국 독창회,영산아트홀,2022-11-06~2022-11-06,유료,예술기획 파홀로 02-582-0040
153,서울특별시,음악/콘서트,콰르텟 솔 정기연주회,예술의전당 IBK챔버홀,2022-11-06~2022-11-06,유료,조인클래식 02-525-6162
154,서울특별시,음악/콘서트,정영미 귀국 바이올린 독주회,예술의전당 리사이틀홀,2022-11-06~2022-11-06,유료,예인예술기획 02-586-0945
157,서울특별시,음악/콘서트,바리톤 문경재 귀국 독창회,영산아트홀,2022-11-06~2022-11-06,유료,예술기획파홀로 02-582-0040
163,서울특별시,음악/콘서트,채수아 피아노 독주회,예술의전당 인춘아트홀,2022-11-06~2022-11-06,유료,좋은 피아노 교사 070-4307-7874
165,서울특별시,음악/콘서트,차이코프스키 더 마스터피스,예술의전당 콘서트홀,2022-11-06~2022-11-06,유료,"두남재엔터테인먼트 02-6292-9368, 9370"
166,서울특별시,음악/콘서트,오민정 오보에 독주회,금호아트홀 연세,2022-11-06~2022-11-06,유료,예인예술기획 02-586-0945
167,서울특별시,음악/콘서트,안드라스 쉬프 피아노 리사이틀 [서울],롯데콘서트홀,2022-11-06~2022-11-06,유료,마스트미디어 02-541-2512
170,서울특별시,국악,[야광명월(夜光明月)] 월드뮤직그룹 공명,서울돈화문국악당,2022-11-06~2022-11-06,무료,02-3210-7001
171,서울특별시,음악/콘서트,안드라스 쉬프 피아노 리사이틀,롯데 콘서트홀,2022-11-06~2022-11-06,유료,02-541-2512
173,서울특별시,뮤지컬/오페라,브론테,자유극장,2022-09-04~2022-11-07,유료,070-8095-9734
174,서울특별시,음악/콘서트,이자윤 바이올린 독주회,금호아트홀 연세,2022-11-07~2022-11-07,유료,이든예술기획 02-6412-3053
175,서울특별시,음악/콘서트,신동일 파이프오르간 독주회,롯데콘서트홀,2022-11-07~2022-11-07,유료,영음예술기획 02-581-5404
176,서울특별시,전시,[집밖] 감각의 비경계 맞닿은 세계,세운홀,2022-11-04~2022-11-08,무료,070-8145-7934
178,서울특별시,국악,"신음악회 기획시리즈 이 ㅅ음 I, 봄봄",국립국악원 풍류사랑방,2022-11-08~2022-11-08,무료,현대문화기획 02-2266-1307
179,서울특별시,음악/콘서트,신진 아티스트 콘서트,북서울 꿈의숲아트센터,2022-11-08~2022-11-08,무료,JSBACH 070-4234-1305
180,서울특별시,음악/콘서트,국립합창단 <위대한 합창 시리즈Ⅲ: 바흐 B단조 미사>,국립극장 해오름극장,2022-11-08~2022-11-08,유료,02-587-8222
181,서울특별시,음악/콘서트,헨레 마스터클래스 with 안드라스 쉬프,신영체임버홀,2022-11-08~2022-11-08,유료,마스트미디어 02-541-3184
185,서울특별시,음악/콘서트,이수정 피아노 독주회,예술의전당 인춘아트홀,2022-11-08~2022-11-08,유료,"조인클래식 02-525-6162,5"
186,서울특별시,음악/콘서트,양정민 귀국 비올라 독주회,금호아트홀 연세,2022-11-08~2022-11-08,유료,마스트미디어 02-541-3184
188,서울특별시,음악/콘서트,양정민 귀국 비올라 독주회,금호아트홀 연세,2022-11-08~2022-11-08,유료,02-541-2512
189,서울특별시,음악/콘서트,제니윤 바이올린 독주회,영산아트홀,2022-11-08~2022-11-08,유료,스튜디오 더존 02-514-0050
190,서울특별시,음악/콘서트,국립합창단 제191회 정기연주회 <바흐 B단조 미사>,국립극장 해오름극장,2022-11-08~2022-11-08,"유료,할인",국립합창단 02) 587-8111
192,서울특별시,음악/콘서트,박소영 바이올린 독주회,세종문화회관 체임버홀,2022-11-08~2022-11-08,유료,영음예술기획 02-581-5404
193,서울특별시,음악/콘서트,제37회 매일클래식,롯데콘서트홀,2022-11-08~2022-11-08,유료,컬쳐비즈 02-701-4879
194,서울특별시,음악/콘서트,제74회 (사)한국페스티발앙상블 정기연주회,예술의전당 IBK챔버홀,2022-11-08~2022-11-08,유료,(사)한국페스티발앙상블 02-501-8477
197,서울특별시,음악/콘서트,"국립합창단, 위대한 합창 시리즈Ⅲ: 바흐 B단조 미사",국립극장 해오름극장,2022-11-08~2022-11-08,유료,국립극장 02-2280-4114
198,서울특별시,음악/콘서트,김선욱 & 유럽 챔버 오케스트라 (11.08),예술의전당 콘서트홀,2022-11-08~2022-11-08,유료,빈체로 02-599-5743
201,서울특별시,뮤지컬/오페라,"서울오페라페스티벌, 토토와 함께하는 오페라 여행",강동아트센터,2022-11-08~2022-11-08,유료,강동아트센터 02-440-0500
202,서울특별시,음악/콘서트,2022자양아티스트라운지 <3 ROMANCES >,PMF자양스테이션,2022-11-02~2022-11-09,유료,02-458-4840 / 010-5202-4840(문자)
206,서울특별시,음악/콘서트,제19회 이화성악회 정기연주회,세종문화회관 체임버홀,2022-11-09~2022-11-09,유료,예인예술기획 02-586-0945
207,서울특별시,음악/콘서트,제38회 서울신학대학교 심포니콰이어 정기연주회,예술의전당 콘서트홀,2022-11-09~2022-11-09,유료,영음예술기획 02-581-5404
209,서울특별시,음악/콘서트,화음챔버오케스트라 미술관 순례 Ⅱ,예술의전당 인춘아트홀,2022-11-09~2022-11-09,유료,조선통신사 02-544-9092
210,서울특별시,음악/콘서트,예진 영 아티스트콘서트 (11.09),푸르지오 아트홀,2022-11-09~2022-11-09,유료,매니지먼트 예진 02-2266-7740
211,서울특별시,음악/콘서트,무지카에스스트링챔버 연주회,노원문화예술회관,2022-11-09~2022-11-09,유료,무지카에스스트링챔버 010-2606-4451
212,서울특별시,음악/콘서트,"서울바흐축제, 실내악 시리즈",예술의전당 리사이틀홀,2022-11-09~2022-11-09,유료,콜레기움 보칼레 서울 0502-1935-1750
214,서울특별시,음악/콘서트,"아름다운 목요일, 인터내셔널 마스터즈 시리즈: 프랑수아 프레데리크 기 Piano (11.9)",금호아트홀 연세,2022-11-09~2022-11-09,유료,금호문화재단 02-6303-1977
215,서울특별시,음악/콘서트,"크레디아 클래식 클럽, 박현수 & 조영훈",롯데콘서트홀,2022-11-09~2022-11-09,유료,크레디아뮤직앤아티스트 02-318-4301
217,서울특별시,기타,다르미가틈,성수아트홀,2022-11-09~2022-11-09,유료,아투즈컴퍼니 070-7757-0300
218,서울특별시,음악/콘서트,펠릭스 클리저 호른 리사이틀 [서울],예술의전당 IBK챔버홀,2022-11-09~2022-11-09,유료,인아츠프로덕션 인아츠프로덕션 02-6954-7760
220,서울특별시,뮤지컬/오페라,"서울오페라페스티벌, 푸른 눈의 목격자",강동아트센터,2022-11-09~2022-11-09,유료,강동아트센터 02-440-0500
221,서울특별시,음악/콘서트,테너 이상규 교수 초청 독창회,세라믹팔레스홀,2022-11-09~2022-11-09,유료,인터파크 1544-1555
224,서울특별시,연극,"제22회 월드 2인극 페스티벌, 누가 디케의 눈을 가렸나",대학로 예술공간 혜화,2022-11-08~2022-11-10,유료,2인극페스티벌 조직위원회 070-7776-6613
228,서울특별시,기타,"[집밖] 최정주 아트앤뮤직 큐레이션, 도시의 미술관 산책: 피렌체",JCC아트센터,2022-11-10~2022-11-10,유료,재능문화 02-2138-7373
230,서울특별시,음악/콘서트,장은주 피아노 독주회,세종문화회관 체임버홀,2022-11-10~2022-11-10,유료,클라시코예술기획 02-775-8600
236,서울특별시,음악/콘서트,최세나 리코더 독주회,일신홀,2022-11-10~2022-11-10,유료,도미넌트에이전시 070-8807-0608
240,서울특별시,국악,박동실制 심청가 눈대목 감상회,국립국악원 풍류사랑방,2022-11-10~2022-11-10,유료,010-2532-8655
241,서울특별시,음악/콘서트,박준영 바이올린 독주회,예술의전당 인춘아트홀,2022-11-10~2022-11-10,유료,조인클래식 02-525-6162
242,서울특별시,음악/콘서트,배성우 귀국 첼로 독주회,예술의전당 리사이틀홀,2022-11-10~2022-11-10,유료,이든예술기획 02-6412-3053
245,서울특별시,음악/콘서트,"아름다운 목요일, 인터내셔널 마스터즈 시리즈: 프랑수아 프레데리크 기 Piano (11.10)",금호아트홀 연세,2022-11-10~2022-11-10,유료,금호문화재단 02-6303-1977
247,서울특별시,음악/콘서트,부산시립교향악단 & 양인모,롯데콘서트홀,2022-11-10~2022-11-10,유료,롯데문화재단 1544-7744
252,서울특별시,음악/콘서트,한화생명과 함께하는 예술의전당 11시 콘서트 (11월),예술의전당 콘서트홀,2022-11-10~2022-11-10,유료,예술의전당 02-580-1300
253,서울특별시,뮤지컬/오페라,"서울오페라페스티벌, 소리 마녀의 비밀상자",강동아트센터,2022-11-10~2022-11-10,유료,강동아트센터 02-440-0500
255,서울특별시,음악/콘서트,"The Class+, 김응수 & 채문영",신영체임버홀,2022-11-10~2022-11-10,유료,마스트미디어 02-541-3184
258,서울특별시,연극,사랑과 전쟁2,대학로 스튜디오 블루 (구 두레홀 3관),2021-07-15~2022-11-11,유료,010-2396-7668
259,서울특별시,전시,공예로 떠나는 미국 여행,KCDF 아카이브 센터,2022-10-11~2022-11-11,무료,02-733-9042
262,서울특별시,국악,제3회 ㅊㅊ-하다 페스티벌,세종문화회관 S씨어터,2022-11-09~2022-11-11,유료,더원아트코리아 070-5001-0926
263,서울특별시,무용/발레,"collective A, 원형하는 몸: round 1",국립극장 하늘극장,2022-11-10~2022-11-11,유료,국립극장 02-2280-4114
264,서울특별시,음악/콘서트,신인 프랑스 가곡의 밤,북서울 꿈의숲아트센터,2022-11-11~2022-11-11,유료,코바기획 070-4110-8290
266,서울특별시,음악/콘서트,피아니스트 박은희의 초대 II,예술의전당 인춘아트홀,2022-11-11~2022-11-11,유료,지클레프 02-515-5123
269,서울특별시,음악/콘서트,라비앙 콰르텟 정기연주회,페리지홀,2022-11-11~2022-11-11,유료,영음예술기획 02-581-5404
272,서울특별시,뮤지컬/오페라,로큰롤 흥부전,노원문화예술회관,2022-11-11~2022-11-11,유료,소리 010-6228-6095
276,서울특별시,음악/콘서트,"구로 클래식 페스타, 더울림앙상블",구로아트밸리예술극장,2022-11-11~2022-11-11,유료,"구로문화재단 02-2029-1725, 1700"
277,서울특별시,음악/콘서트,쇼팽의 밤,예술의전당 콘서트홀,2022-11-11~2022-11-11,유료,영음예술기획 02-581-5404
278,서울특별시,음악/콘서트,제19회 한국예술가곡보존회 연주회,세종문화회관 체임버홀,2022-11-11~2022-11-11,유료,한국예술가곡보존회 050-6789-3733
280,서울특별시,무용/발레,"제43회 서울무용제, 개막식 & 무.념.무.상(舞.念.舞.想) Ⅰ",아르코예술극장 대극장,2022-11-11~2022-11-11,유료,서울무용제 조직위원회 02-744-8066
281,서울특별시,음악/콘서트,[11월 11일] 앙상블 유포리아 정기연주회 Series Ⅰ Modern Nature : 21세기 작곡가가 그리는 자연의 풍경,롯데콘서트홀,2022-11-11~2022-11-11,유료,예인예술기획 02-586-0945
282,서울특별시,음악/콘서트,노부스 콰르텟 베토벤 현악사중주 전곡 연주 4,예술의전당 IBK챔버홀,2022-11-11~2022-11-11,유료,목프로덕션 02-338-3816
284,서울특별시,음악/콘서트,정신나간 작곡가와 키스하다 (11.11),국립극장 해오름극장,2022-11-11~2022-11-11,유료,오페라마예술경영연구소 02-560-7912
285,서울특별시,음악/콘서트,김효선 더블베이스 독주회,예술의전당 리사이틀홀,2022-11-11~2022-11-11,유료,예인예술기획 02-586-0945
292,서울특별시,연극,만 마디를 대신하는 말 한마디 2,라이트 하우스,2021-11-13~2022-11-12,유료,1600-2238
293,서울특별시,연극,클래스,두산아트센터 space111,2022-10-25~2022-11-12,유료,"두산아트센터 02-708-5001, 5013"
294,서울특별시,무용/발레,"제24회 생생 춤 페스티벌, 안무가 매칭 프로젝트",한국예술종합학교 이어령예술극장 (구. 석관동 예술극장),2022-11-09~2022-11-12,유료,한국현대무용협회 02-763-5351
295,서울특별시,무용/발레,한국명작무대제전,남산골한옥마을,2022-11-09~2022-11-12,유료,서울남산국악당 02-2261-0500
296,서울특별시,연극,버거운 삶,아르코예술극장 소극장,2022-11-10~2022-11-12,유료,02-3668-0007
298,서울특별시,연극,"아시아연출가전, 버거운 삶",아르코예술극장 소극장,2022-11-10~2022-11-12,유료,010-4156-4541
299,서울특별시,연극,"제12회 서울미래연극제, 나는 사랑한다: 김명순전",씨어터쿰,2022-11-10~2022-11-12,유료,서울연극협회 02-765-7500
300,서울특별시,무용/발레,I GO,연희예술극장,2022-11-11~2022-11-12,유료,010-3430-2098
301,서울특별시,국악,"2022 청춘, 청어람",국립국악원 예악당,2022-11-11~2022-11-12,유료,02-580-3300
307,서울특별시,뮤지컬/오페라,"서울오페라페스티벌, 사랑의 묘약",강동아트센터,2022-11-11~2022-11-12,유료,강동아트센터 02-440-0500
309,서울특별시,국악,"창작악단 기획공연, 청춘 청어람",국립국악원 예악당,2022-11-11~2022-11-12,유료,국립국악원 02-580-3300
313,서울특별시,음악/콘서트,청년예술인시리즈 with Trio N,영산양재홀,2022-11-12~2022-11-12,유료,영산양재홀 02-571-7689
318,서울특별시,무용/발레,춤방 가는 길,서울돈화문국악당,2022-11-12~2022-11-12,유료,댄스오리진 010-8928-3038 / 010-8892-7492
320,서울특별시,음악/콘서트,Einsamkeit 고독,북서울 꿈의숲아트센터,2022-11-12~2022-11-12,유료,브레멘예술기획 02-875-8224
321,서울특별시,음악/콘서트,2022 이웃사랑 나눔콘서트,여의도 KBS홀,2022-11-12~2022-11-12,무료,"KBS강태원복지재단 담당자 Tel. 02-781-2943, E-mail. kbsktw@daum.net"
322,서울특별시,국악,"심소라의 춘향가: 시작, 그 길에서",정효아트센터,2022-11-12~2022-11-12,유료,심소라 010-4160-7133
323,서울특별시,음악/콘서트,11월 토요일은 삼각산청이좋아 <우리동네 재즈클럽>,삼각산시민청,2022-11-12~2022-11-12,무료,"삼각산시민청 공연 담당자 02-900-0036, 0043"
327,서울특별시,음악/콘서트,박수원 하프 독주회,예술의전당 리사이틀홀,2022-11-12~2022-11-12,유료,영음예술기획 02-581-5404
328,서울특별시,음악/콘서트,"구로 클래식 페스타, 필레오오케스트라 & 구로여성합창단 & 느티나무합창단 (11.12)",구로아트밸리예술극장,2022-11-12~2022-11-12,유료,"구로문화재단 02-2029-1725, 1700"
335,서울특별시,음악/콘서트,제27회 서울솔리스트 첼로앙상블 정기연주회,예술의전당 IBK챔버홀,2022-11-12~2022-11-12,유료,조인클래식 02-525-6162
341,서울특별시,국악,완창판소리 (11월),국립극장 하늘극장,2022-11-12~2022-11-12,유료,국립극장 02-2280-4114
343,서울특별시,음악/콘서트,토마스 체헤트마이어 & 프랑스 오베르뉴 국립 오케스트라,예술의전당 콘서트홀,2022-11-12~2022-11-12,유료,더브릿지컴퍼니 02-6094-1001
344,서울특별시,국악,"금호영아티스트콘서트, 임지현 민요 독창회",금호아트홀 연세,2022-11-12~2022-11-12,유료,금호문화재단 02-6303-1977
346,서울특별시,음악/콘서트,"금호영재콘서트, 임효린 오보에 독주회",금호아트홀 연세,2022-11-12~2022-11-12,유료,금호문화재단 02-6303-1977
347,서울특별시,음악/콘서트,정신나간 작곡가와 키스하다,국립극장 해오름극장,2022-11-12~2022-11-12,유료,오페라마예술경영연구소 02-560-7912
352,서울특별시,음악/콘서트,제5회 뷔에르 앙상블 정기연주회,예술의전당 IBK챔버홀,2022-11-12~2022-11-12,유료,목프로덕션 02-338-3816
360,서울특별시,뮤지컬/오페라,아기돼지 삼형제 [노원],노원문화예술회관,2022-11-12~2022-11-12,유료,극단 복주머니 010-2407-7823
361,서울특별시,음악/콘서트,서울기타콰르텟 23주년 정기 연주회,세종문화회관 체임버홀,2022-11-12~2022-11-12,유료,서울기타콰르텟 010-6224-7857
363,서울특별시,음악/콘서트,소현진 귀국 비올라 독주회,예술의전당 리사이틀홀,2022-11-12~2022-11-12,유료,예인예술기획 02-586-0945
366,서울특별시,음악/콘서트,손미나의 인문학콘서트 with 조윤성,오류아트홀,2022-11-12~2022-11-12,유료,02)2614-7967
368,서울특별시,뮤지컬/오페라,엘리자벳 10주년 기념공연,블루스퀘어 신한카드홀,2022-08-25~2022-11-13,유료,멜론티켓 1899-0042
369,서울특별시,뮤지컬/오페라,배니싱,아트원씨어터,2022-08-30~2022-11-13,유료,더웨이브 02-6954-0772
370,서울특별시,연극,82년생 김지영,백암아트홀,2022-09-01~2022-11-13,유료,(주)스포트라이트 010-2278-8977
371,서울특별시,연극,헤르츠클란,브릭스씨어터(구.콘텐츠 그라운드),2022-09-05~2022-11-13,유료,인터파크 1544-1555
372,서울특별시,연극,트루웨스트,대학로 TOM(티오엠) 2관,2022-09-06~2022-11-13,유료,02-764-8760
373,서울특별시,뮤지컬/오페라,라흐 헤스트,드림아트센터,2022-09-06~2022-11-13,유료,1577-3363
374,서울특별시,뮤지컬/오페라,사랑의 불시착,코엑스아티움,2022-09-16~2022-11-13,유료,인터파크 1544-1555
377,서울특별시,뮤지컬/오페라,이머시브공연 <금란방> 창작가무극,국립정동극장,2022-10-11~2022-11-13,유료,1577-3363
378,서울특별시,연극,제7회 단단페스티벌,소극장 혜화당,2022-10-12~2022-11-13,유료,010-2701-3069
379,서울특별시,전시,[소마미술관] Into Drawing 46 김혜숙 전 <낱눈>,소마미술관 1관,2022-10-14~2022-11-13,유료,02-425-1077
380,서울특별시,연극,연극 <러브레터>,예술의전당 자유소극장,2022-10-25~2022-11-13,유료,02-6925-0419
381,서울특별시,행사/축제,NEXTAR COMPETITION VOL.4,노들섬 라이브하우스,2022-10-27~2022-11-13,무료,02-749-4500
382,서울특별시,연극,"아이히만, 암흑이 시작 하는 곳에서",산울림 소극장,2022-10-28~2022-11-13,유료,극단 파수꾼 070-8197-7950
383,서울특별시,연극,오슬로에서 온 남자,나온씨어터,2022-10-28~2022-11-13,유료,02-742-7563
385,서울특별시,연극,먹감나무 아래 있는 집,드림시어터,2022-11-01~2022-11-13,유료,070-7562-9980
386,서울특별시,연극,벙거지꾼 계동이,대학로 공간아울,2022-11-03~2022-11-13,유료,010-9711-8526
388,서울특별시,연극,노웨이 투데이,미마지아트센터 물빛극장,2022-11-03~2022-11-13,유료,010-5795-7777
389,서울특별시,연극,버닝필드(Burning Field),CKL스테이지,2022-11-04~2022-11-13,유료,CKL스테이지 02-6441-3951
390,서울특별시,연극,탈주자,아름다운 극장,2022-11-04~2022-11-13,유료,인터파크 1544-1555
391,서울특별시,연극,어느 날 문을 열고,문래예술공장 박스시어터,2022-11-04~2022-11-13,유료,010-3310-3952
392,서울특별시,연극,루나자에서 춤을,여행자극장,2022-11-04~2022-11-13,유료,"010-8931-8370, 010-3882-4324"
396,서울특별시,전시,휴식(休息) : Show Your Relaxation,드플로허,2022-11-05~2022-11-13,무료,yoona7553@gmail.com
397,서울특별시,뮤지컬/오페라,우리 아빠가 최고야 [용산],대원콘텐츠라이브,2022-11-05~2022-11-13,유료,대원콘텐츠라이브 02-6373-3366
400,서울특별시,연극,"혜화동1번지 7기동인 가을페스티벌, FBW",연극실험실 혜화동 1번지,2022-11-07~2022-11-13,유료,카카오톡 아이디 hhd7th / 인터파크 1544-1555
401,서울특별시,무용/발레,도시 속 계절,대학로 스튜디오 블루 (구 두레홀 3관),2022-11-08~2022-11-13,유료,인터파크 1544-1555
402,서울특별시,연극,거울,보광극장,2022-11-09~2022-11-13,유료,인터파크 1544-1555
404,서울특별시,행사/축제,2022 제3회 <ㅊㅊ-하다 페스티벌>,세종문화회관 S씨어터,2022-11-09~2022-11-13,유료,070-5001-0926
406,서울특별시,연극,BE HAPPY,극장 PLOT (구 1M SPACE),2022-11-10~2022-11-13,유료,인터파크 1544-1555
407,서울특별시,연극,불장난,미아리고개예술극장,2022-11-10~2022-11-13,유료,010-9350-2351
409,서울특별시,뮤지컬/오페라,빛아이 어둠아이,노원어린이극장,2022-11-10~2022-11-13,유료,인터파크 1544-1555
410,서울특별시,뮤지컬/오페라,리골레토,세종문화회관 M씨어터,2022-11-10~2022-11-13,유료,세종문화티켓 02-399-1000
413,서울특별시,연극,달콤한 기억,대학로 예술극장,2022-11-11~2022-11-13,유료,02-3668-0007
414,서울특별시,무용/발레,<지젤>,예술의전당 오페라극장,2022-11-11~2022-11-13,유료,1544-1555
419,서울특별시,연극,"봄 작가, 겨울 무대, 달콤한 기억",대학로 예술극장,2022-11-11~2022-11-13,유료,아르코 대학로예술극장 02-3668-0007
420,서울특별시,연극,비단잉어를 보았다,대학로 예술공간 혜화,2022-11-12~2022-11-13,유료,010.4773.1746
421,서울특별시,연극,"제22회 월드 2인극 페스티벌, 불청객",대학로 예술공간 혜화,2022-11-12~2022-11-13,유료,2인극페스티벌 조직위원회 070-7776-6613
422,서울특별시,음악/콘서트,"악기야놀자, 첫눈이 내리면",충무아트센터 컨벤션홀,2022-11-12~2022-11-13,유료,꾸러기예술단 02-547-9851
426,서울특별시,연극,별무리,플랫폼74,2022-11-12~2022-11-13,유료,인터파크 1544-1555
427,서울특별시,뮤지컬/오페라,사슴 코딱코의 재판,갈산문화예술센터,2022-11-12~2022-11-13,유료,엠제이플래닛 02-2278-5741
432,서울특별시,무용/발레,공주전,영등포아트홀,2022-11-12~2022-11-13,유료,영등포아트홀 02-2629-2200(3)
439,서울특별시,음악/콘서트,히사이시 조 영화음악 콘서트 파이널 [서울],롯데콘서트홀,2022-11-12~2022-11-13,유료,라이브러리컴퍼니 070-4190-1289
442,서울특별시,연극,"제6회 구로꿈나무인형극제, 도서관 생쥐",구로꿈나무극장,2022-11-12~2022-11-13,유료,구로꿈나무극장 02-830-2561~2 / 2508
445,서울특별시,연극,"꽃, 피우다.",아르코예술극장 소극장,2022-11-13~2022-11-13,유료,02-3668-0007
446,서울특별시,음악/콘서트,Letter (서신) (11.13),쌀롱드무지끄,2022-11-13~2022-11-13,유료,쌀롱드무지끄 010-8826-8364
447,서울특별시,음악/콘서트,김하늘 피아노 독주회,금호아트홀 연세,2022-11-13~2022-11-13,유료,J&R예술기획 02-3491-2370
448,서울특별시,국악,"류가양 완창 本 vol. 1, 흥보가",한국문화의집 KOUS,2022-11-13~2022-11-13,유료,한국문화재재단 02-566-6300
452,서울특별시,국악,전주대사습뎐,국립극장 하늘극장,2022-11-13~2022-11-13,유료,국립극장 02-2280-4114
453,서울특별시,음악/콘서트,코리아 반도네온 페스티벌,세종문화회관 체임버홀,2022-11-13~2022-11-13,유료,"조인클래식 02-525-6162, 5"
454,서울특별시,음악/콘서트,김하늘 피아노 독주회,금호아트홀 연세,2022-11-13~2022-11-13,유료,02-3491-2370
456,서울특별시,연극,"아시아연출가전, 꽃, 피우다",아르코예술극장 소극장,2022-11-13~2022-11-13,유료,극단 각인각색 010-4156-4541
457,서울특별시,음악/콘서트,"구로 클래식 페스타, 드림챔버오케스트라",구로아트밸리예술극장,2022-11-13~2022-11-13,유료,"구로문화재단 02-2029-1725, 1700"
458,서울특별시,음악/콘서트,"바리톤 김주택 & 피아니스트 정태양, 오페라 오페라",예술의전당 IBK챔버홀,2022-11-13~2022-11-13,유료,예술의전당 02-580-1300
460,서울특별시,뮤지컬/오페라,제2회 Bel di 오페라단 정기연주회,북서울 꿈의숲아트센터,2022-11-13~2022-11-13,유료,010-2455-0218
462,서울특별시,무용/발레,"제43회 서울무용제, 무.념.무.상(舞.念.舞.想) Ⅱ",아르코예술극장 대극장,2022-11-13~2022-11-13,유료,서울무용제 조직위원회 02-744-8066
463,서울특별시,연극,빨간 열매,예술의전당,2022-11-13~2022-11-13,유료,1101 어린이라운지 02-580-1101
464,서울특별시,음악/콘서트,김은기 플루트 독주회,예술의전당 리사이틀홀,2022-11-13~2022-11-13,유료,예인예술기획 02-586-0945
465,서울특별시,음악/콘서트,김형주 귀국 호른 독주회,예술의전당 리사이틀홀,2022-11-13~2022-11-13,유료,예인예술기획 02-586-0945
469,서울특별시,음악/콘서트,"LOVE IN SEOUL, 콜 미 바이 유어 네임 인 콘서트",세종문화회관 세종대극장,2022-11-13~2022-11-13,유료,세종문화티켓 02-399-1000
470,서울특별시,음악/콘서트,이준화 바흐 무반주 첼로 모음곡 전곡연주,예술의전당 인춘아트홀,2022-11-13~2022-11-13,유료,조인클래식 02-525-6162
473,서울특별시,음악/콘서트,제7회 포아 피아노연구회 정기연주회,금호아트홀 연세,2022-11-14~2022-11-14,유료,카카오톡채널 PoAH 포아피아노연구회 / 인터파크 1544-1555
474,서울특별시,음악/콘서트,"음악으로 읽는 세계문학 시리즈 Ⅲ, 오텔로",세라믹팔레스홀,2022-11-14~2022-11-14,유료,공연예술창작소 예술은감자다 010-3367-1726
475,서울특별시,음악/콘서트,KCO와 랄프 고토니의 모차르트 교향곡 46 전곡 연주 시리즈 7,롯데콘서트홀,2022-11-14~2022-11-14,유료,"인아츠프로덕션 02-6954-7760, KCO 02-592-5728"
476,서울특별시,음악/콘서트,"코리안 영 아티스트 시리즈 Ⅱ, 김채원 피아노 리사이틀",명동성당,2022-11-14~2022-11-14,유료,목프로덕션 02-338-3816
477,서울특별시,음악/콘서트,김백영 클래식기타 독주회,예술의전당 인춘아트홀,2022-11-15~2022-11-15,유료,뮤직클레프 02-3297-3387
479,서울특별시,음악/콘서트,제8회 앙상블 더 브릿지 정기연주회,금호아트홀 연세,2022-11-15~2022-11-15,유료,조인클래식 02-525-6162
480,서울특별시,음악/콘서트,이스트만 플레이어즈,영산아트홀,2022-11-15~2022-11-15,유료,예인예술기획 02-586-0945
482,서울특별시,음악/콘서트,바리톤 한경석 독창회,세종문화회관 체임버홀,2022-11-15~2022-11-15,유료,콘서트디자인 02-597-2004
486,서울특별시,음악/콘서트,유지연 바이올린 독주회,롯데콘서트홀,2022-11-15~2022-11-15,유료,이든예술기획 02-6412-3053
487,서울특별시,음악/콘서트,이고르 레비트 피아노 리사이틀,예술의전당 콘서트홀,2022-11-15~2022-11-15,유료,02-599-5743
489,서울특별시,음악/콘서트,제58회 콰르텟21 정기연주회,예술의전당 IBK챔버홀,2022-11-15~2022-11-15,유료,예인예술기획 02-586-0945
494,서울특별시,기타,윤형주의 쎄시봉 콘서트,삼청각 일화당,2022-08-17~2022-11-16,유료,삼청각 02-765-3000
496,서울특별시,무용/발레,"손경순의 춤, 무심청정: 새로운 여정의 시작",국립국악원 풍류사랑방,2022-11-15~2022-11-16,유료,010-4245-5843
498,서울특별시,음악/콘서트,소프라노 이영은 독창회 Autumn Moonlight,세종문화회관 체임버홀,2022-11-16~2022-11-16,유료,레인보우브릿지 02-6339-2040
500,서울특별시,음악/콘서트,황수진 귀국 타악기 독주회,예술의전당 리사이틀홀,2022-11-16~2022-11-16,유료,프로젝트무지카 02-6160-6380
501,서울특별시,무용/발레,"제43회 서울무용제, 명작무극장",아르코예술극장 대극장,2022-11-16~2022-11-16,유료,서울무용제 조직위원회 02-744-8066
502,서울특별시,음악/콘서트,트리오 루카 정기연주회,예술의전당 인춘아트홀,2022-11-16~2022-11-16,유료,영음예술기획 02-581-5404
506,서울특별시,음악/콘서트,장애인식개선을 위한 하트 투 하트 콘서트,예술의전당 콘서트홀,2022-11-16~2022-11-16,유료,하트-하트재단 02-430-2000 (내선 7905)
512,서울특별시,무용/발레,차이코프스키 발레환타지,반포심산아트홀,2022-11-16~2022-11-16,유료,서초문화재단 공연사업팀 02-3477-2805
513,서울특별시,음악/콘서트,"FAC 리사이틀 시리즈 Ⅷ, 마트베이 데민",예술의전당 IBK챔버홀,2022-11-16~2022-11-16,유료,플루트아트센터 02-2632-1909
514,서울특별시,음악/콘서트,KCO와 랄프 고토니의 모차르트 교향곡 46 전곡 연주 시리즈 8,롯데콘서트홀,2022-11-16~2022-11-16,유료,"InArts 02-6954-7760, KCO 02-592-5728"
518,서울특별시,음악/콘서트,"2022 카즈미 타테이시 트리오 내한 공연-지브리, 재즈를 만나다(서울 마포)",마포아트센터 아트홀맥,2022-11-16~2022-11-16,유료,070-8680-8477
519,서울특별시,국악,국립국악원 무용단 안무자 육성 기획공연 <심보심작 (尋寶心作)>,국립국악원 우면당,2022-11-10~2022-11-17,유료,02-580-3300
520,서울특별시,무용/발레,"안무자 육성 기획공연, 춤 심보심작(尋寶心作)",국립국악원 우면당,2022-11-10~2022-11-17,유료,국립국악원 02-580-3300
521,서울특별시,연극,휴먼코메디,나루아트센터,2022-11-10~2022-11-17,유료,광진문화재단 02-2049-4700
522,서울특별시,연극,"제22회 월드 2인극 페스티벌, 두 영웅: 주민센터에 간 도쿠가와 이에야스",시온아트홀,2022-11-15~2022-11-17,유료,2인극페스티벌 조직위원회 070-7776-6613
525,서울특별시,국악,"풍물명인전(風物名人傳), 내포 남사당 이광수",민속극장풍류,2022-11-17~2022-11-17,유료,민속극장 풍류 02-3011-2178
527,서울특별시,음악/콘서트,마티네 콘서트: 권서경 & 강혜정 & 김현수,롯데콘서트홀,2022-11-17~2022-11-17,유료,비스카엔터테인먼트 070-7954-3329
529,서울특별시,무용/발레,"제43회 서울무용제, 열정춤판",아르코예술극장 소극장,2022-11-17~2022-11-17,유료,서울무용제 조직위원회 02-744-8066
530,서울특별시,국악,풍물명인전,민속극장풍류,2022-11-17~2022-11-17,유료,(02) 566-6300
532,서울특별시,음악/콘서트,강석원 귀국 클라리넷 독주회,예술의전당 리사이틀홀,2022-11-17~2022-11-17,유료,투픽스 02-441-5876
535,서울특별시,음악/콘서트,"아름다운 목요일, NET; WORK: 문태국 Cello",금호아트홀 연세,2022-11-17~2022-11-17,유료,금호문화재단 02-6303-1977
538,서울특별시,음악/콘서트,피아니스트 송영민과 함께 하는 한별콩쿠르 입상자 콘서트: 별의 시간,예술의전당 인춘아트홀,2022-11-17~2022-11-17,유료,인터파크 1544-1555
540,서울특별시,뮤지컬/오페라,예술의전당 후원회와 함께하는 예술의전당 콘서트 오페라 운명의 힘,예술의전당 콘서트홀,2022-11-17~2022-11-17,유료,예술의전당 02-580-1300
541,서울특별시,음악/콘서트,임재성 첼로 리사이틀,예술의전당 IBK챔버홀,2022-11-17~2022-11-17,유료,이든예술기획 02-6412-3053
543,서울특별시,음악/콘서트,제47회 우리가곡연구회 정기연주회,세종문화회관 체임버홀,2022-11-17~2022-11-17,유료,유니코예술기획 02-532-4876
546,서울특별시,음악/콘서트,서울시향 프랑수와 프레데리크 기의 베토벤 황제,롯데콘서트홀,2022-11-17~2022-11-18,유료,서울시립교향악단 1588-1210
547,서울특별시,음악/콘서트,프랑수아 프레데리크 기의 베토벤 '황제’,롯데콘서트홀,2022-11-17~2022-11-18,유료,1588-1210
548,서울특별시,음악/콘서트,국립합창단 <신진지휘자 초청연주회>,예술의전당 IBK챔버홀,2022-11-18~2022-11-18,유료,02-587-8111
551,서울특별시,음악/콘서트,제4회 예풀뮤직 정기연주회,광림아트센터 장천홀,2022-11-18~2022-11-18,유료,MYART컴퍼니 02-2612-4123
553,서울특별시,기타,Scene＃,웨스트브릿지,2022-11-18~2022-11-18,유료,문화상인 보부 02-583-9979
554,서울특별시,음악/콘서트,이종은 귀국 피아노 독주회,예술의전당 리사이틀홀,2022-11-18~2022-11-18,유료,예인예술기획 02-586-0945
555,서울특별시,음악/콘서트,"구로 클래식 페스타, 에스제이오케스트라",구로아트밸리예술극장,2022-11-18~2022-11-18,유료,"구로문화재단 02-2029-1725, 1700"
561,서울특별시,무용/발레,제12회 국립전통예술고등학교 무용과 발표회,국립국악원 예악당,2022-11-18~2022-11-18,무료,국립전통예술고등학교 02-6488-3533
563,서울특별시,국악,작곡동인 원시인X아쟁앙상블 Bow+ing: 오늘의 음악,서울돈화문국악당,2022-11-18~2022-11-18,유료,서울돈화문국악당 02-3210-7001
564,서울특별시,음악/콘서트,국립합창단 신진지휘자 초청연주회,예술의전당 IBK챔버홀,2022-11-18~2022-11-18,유료,국립합창단 02-587-8111
567,서울특별시,국악,"관현악시리즈 Ⅱ, 역동과 동력",국립극장 해오름극장,2022-11-18~2022-11-18,유료,국립극장 02-2280-4114
568,서울특별시,음악/콘서트,"샤를 리샤르, 아믈랭 피아노 리사이틀",예술의전당 콘서트홀,2022-11-18~2022-11-18,유료,더브릿지컴퍼니 02-6094-1001
569,서울특별시,음악/콘서트,국립합창단 <신진지휘자 초청연주회>,예술의전당 IBK챔버홀,2022-11-18~2022-11-18,"유료,할인",국립합창단 02) 587-8111
570,서울특별시,국악,작곡동인 원시인 X 아쟁앙상블 Bow+ing <오늘의 음악>,서울돈화문국악당,2022-11-18~2022-11-18,유료,서울돈화문국악당 02-3210-7001
571,서울특별시,기타,"다크필드 3부작, 플라이트",LG아트센터,2022-10-26~2022-11-19,유료,LG아트센터 서울 티켓박스 1661-0017
572,서울특별시,기타,"다크필드 3부작, 코마",LG아트센터,2022-10-26~2022-11-19,유료,LG아트센터 서울 티켓박스 1661-0017
573,서울특별시,기타,"다크필드 3부작, 고스트쉽",LG아트센터,2022-10-26~2022-11-19,유료,LG아트센터 서울 티켓박스 1661-0017
575,서울특별시,연극,개굴개굴 고래고래,종로아이들극장,2022-11-17~2022-11-19,유료,"국립아시아문화전당재단 062-601-4664, 4670"
576,서울특별시,뮤지컬/오페라,블루홀 속으로,금나래아트홀,2022-11-17~2022-11-19,유료,금천문화재단 예술진흥팀 02-2627-2989
587,서울특별시,국악,"남산초이스, 강민수",남산골한옥마을,2022-11-18~2022-11-19,유료,서울남산국악당 02-2261-0500
590,서울특별시,무용/발레,정글북: 또 다른 세계,LG아트센터 서울,2022-11-18~2022-11-19,유료,LG아트센터 서울 티켓박스 1661-0017
598,서울특별시,음악/콘서트,이현정 초청 바이올린 독주회,세라믹팔레스홀,2022-11-19~2022-11-19,유료,"세라믹팔레스홀 02-3411-4668, 4667"
601,서울특별시,음악/콘서트,김남중 비올라 독주회,예술의전당 리사이틀홀,2022-11-19~2022-11-19,유료,이든예술기획 02-6412-3053
604,서울특별시,음악/콘서트,"그림 읽어주는 베토벤, 빨강머리 앤",팝콘D스퀘어 대원뮤지엄,2022-11-19~2022-11-19,유료,대원콘텐츠라이브 02-6373-3366
607,서울특별시,음악/콘서트,손창인 콘트라베이스 독주회,예술의전당 리사이틀홀,2022-11-19~2022-11-19,유료,조인클래식 02-525-6162
609,서울특별시,음악/콘서트,안영지 플루트 독주회,예술의전당 인춘아트홀,2022-11-19~2022-11-19,유료,"음악교육신문 02-549-4133, 1131"
611,서울특별시,음악/콘서트,"구로 클래식 페스타, 베누스토심포니오케스트라",구로아트밸리예술극장,2022-11-19~2022-11-19,유료,"구로문화재단 02-2029-1725, 1700"
618,서울특별시,음악/콘서트,노부스 콰르텟 베토벤 현악사중주 전곡 연주 5,예술의전당 IBK챔버홀,2022-11-19~2022-11-19,유료,목프로덕션 02-338-3816
621,서울특별시,음악/콘서트,"금호영재콘서트, 신성민 피아노 독주회",금호아트홀 연세,2022-11-19~2022-11-19,유료,금호문화재단 02-6303-1977
622,서울특별시,국악,"금호영아티스트콘서트, 박시은 피리 독주회",금호아트홀 연세,2022-11-19~2022-11-19,유료,금호문화재단 02-6303-1977
625,서울특별시,음악/콘서트,신세계와 함께하는 예술의전당 토요콘서트 (11월),예술의전당 콘서트홀,2022-11-19~2022-11-19,유료,예술의전당 02-580-1300
626,서울특별시,음악/콘서트,대니 구 바이올린 리사이틀,롯데콘서트홀,2022-11-19~2022-11-19,유료,크레디아뮤직앤아티스트 02-318-4301
632,서울특별시,무용/발레,"제43회 서울무용제, 남판여판춤판",아르코예술극장 소극장,2022-11-19~2022-11-19,유료,서울무용제 조직위원회 02-744-8066
633,서울특별시,음악/콘서트,이지원 바이올린 독주회,푸르지오 아트홀,2022-11-19~2022-11-19,유료,위드클래식 02-588-6360
638,서울특별시,음악/콘서트,제99회 서울챔버오케스트라 정기연주회,예술의전당 IBK챔버홀,2022-11-19~2022-11-19,유료,서울챔버오케스트라 070-4204-8251
642,서울특별시,음악/콘서트,이지원 바이올린 독주회,푸르지오 아트홀,2022-11-19~2022-11-19,유료,02-588-6360
644,서울특별시,전시,[집밖] 2022 신진미술인 전시지원 프로그램,SeMA 벙커,2022-07-06~2022-11-20,무료,전시문의 02-2124-8942
646,서울특별시,연극,오만과 편견,예스24스테이지,2022-08-30~2022-11-20,유료,02-744-4033
647,서울특별시,전시,[집밖] 춤추는 낱말,서울시립미술관,2022-09-01~2022-11-20,무료,전시문의 02-2124-8932 / 관람문의 02-2124-8868
648,서울특별시,전시,서울시립미술관 《춤추는 낱말》,서울시립미술관,2022-09-01~2022-11-20,무료,02-2124-8932
649,서울특별시,뮤지컬/오페라,어차피 혼자,홍익대 대학로 아트센터 대극장,2022-09-06~2022-11-20,유료,070-7724-1535
650,서울특별시,연극,히스토리 보이즈,두산아트센터 연강홀,2022-10-01~2022-11-20,유료,클립서비스 1577-3363
653,서울특별시,연극,모노드라마 햄 릿,대학로 스카이씨어터,2022-10-26~2022-11-20,유료,010-2029-6233
654,서울특별시,연극,너 자신이 되라,알과핵소극장,2022-11-03~2022-11-20,유료,잘한다프로젝트 02-922-9553
655,서울특별시,연극,춘천 거기 for original,대학로 선돌극장,2022-11-03~2022-11-20,유료,아트리버 02-6498-0403
656,서울특별시,국악,"닭들의 꿈, 날다",한양레퍼토리씨어터,2022-11-04~2022-11-20,유료,02-6052-8552
657,서울특별시,연극,내 모든 걸,후암스테이지,2022-11-08~2022-11-20,유료,비컨크리에이티브 053-252-5733
658,서울특별시,연극,서쪽나라의 멋쟁이,명보아트홀,2022-11-09~2022-11-20,유료,인터파크 1544-1555
659,서울특별시,뮤지컬/오페라,아나키스트의 아내,극장 봄,2022-11-10~2022-11-20,유료,극단 더늠 010-8917-5851
660,서울특별시,연극,"웰컴 대학로, 홈쑈핑 주식회사",서경대학교 공연예술센터(혜화역),2022-11-10~2022-11-20,유료,온택트티비 1661-1301
661,서울특별시,연극,찬란하고 찬란한,연우소극장,2022-11-11~2022-11-20,유료,연우소극장 02-744-7090 / 인터파크 1544-1555
662,서울특별시,연극,그림자,천장산우화극장,2022-11-12~2022-11-20,유료,김재란 010-2498-5890
665,서울특별시,연극,그날의 타이밍,코델아트홀,2022-11-15~2022-11-20,유료,인스타그램 THEATER_WOO / 인터파크 1544-1555
666,서울특별시,연극,등장인물,세종문화회관 S씨어터,2022-11-16~2022-11-20,유료,서울시극단 02-399-1794
667,서울특별시,연극,나무의 아이,노원어린이극장,2022-11-17~2022-11-20,유료,"국립아시아문화전당재단 062-601-4664, 4670"
668,서울특별시,연극,Meet Again,대학로 열린극장,2022-11-17~2022-11-20,유료,인터파크 1544-1555
670,서울특별시,연극,틴에이지 딕,국립극장 달오름극장,2022-11-17~2022-11-20,유료,02-2280-4114
671,서울특별시,연극,사라의 행성,대학로예술극장 소극장,2022-11-18~2022-11-20,유료,02-3668-0007
672,서울특별시,연극,무상 (無常),소극장피카소,2022-11-18~2022-11-20,유료,우노컴퍼니 010-6619-4399
673,서울특별시,연극,리릿: 두개의 이야기,보광극장,2022-11-18~2022-11-20,유료,인터파크 1544-1555
674,서울특별시,무용/발레,작꾸 둥굴구 서뚜르게,예술의전당 자유소극장,2022-11-18~2022-11-20,유료,02-3472-1420
675,서울특별시,연극,삼질이의 히어로,소극장 창덕궁,2022-11-18~2022-11-20,유료,010-2068-6194
676,서울특별시,무용/발레,<트리플 빌>,예술의전당 오페라극장,2022-11-18~2022-11-20,유료,1544-1555
678,서울특별시,연극,"봄 작가, 겨울 무대, 사라의 행성",대학로예술극장 소극장,2022-11-18~2022-11-20,유료,대학로예술극장 02-3668-0007
682,서울특별시,연극,"제22회 월드 2인극 페스티벌, 만원 버스",시온아트홀,2022-11-19~2022-11-20,유료,2인극페스티벌 조직위원회 070-7776-6613
683,서울특별시,연극,"제22회 월드 2인극 페스티벌, 게스트하우스",대학로 예술공간 혜화,2022-11-19~2022-11-20,유료,2인극페스티벌 조직위원회 070-7776-6613
684,서울특별시,뮤지컬/오페라,푸푸게노! 똥 밟았네?,북서울 꿈의숲아트센터,2022-11-19~2022-11-20,유료,사단법인 라벨라오페라단 02-572-6773
697,서울특별시,기타,화려,민송아트홀,2022-11-19~2022-11-20,유료,화려 010-7219-0702 / 카카오채널 화려
702,서울특별시,연극,"제6회 구로꿈나무인형극제, 늙은 개",구로꿈나무극장,2022-11-19~2022-11-20,유료,구로꿈나무극장 02-830-2561~2 / 2508
704,서울특별시,연극,갈수록 가관이네! [성북],꿈빛극장,2022-11-19~2022-11-20,유료,꿈빛극장 02-6953-3201
706,서울특별시,음악/콘서트,이병우 기타 솔로콘서트,백암아트홀,2022-11-19~2022-11-20,유료,아츠팝콘 02-577-1923
708,서울특별시,음악/콘서트,앙상블 로맨티코 콘서트,예술의전당 인춘아트홀,2022-11-20~2022-11-20,유료,예인예술기획 02-586-0945
711,서울특별시,음악/콘서트,피아니스트 김진석 베토벤 시리즈 5,예술의전당 IBK챔버홀,2022-11-20~2022-11-20,유료,가온클래식 070-8811-0513
712,서울특별시,음악/콘서트,지브리 페스티벌,예술의전당 콘서트홀,2022-11-20~2022-11-20,유료,스톰프뮤직 02-2658-3546
719,서울특별시,음악/콘서트,허정인 첼로 독주회,예술의전당 리사이틀홀,2022-11-20~2022-11-20,유료,예인예술기획 02-586-0945
722,서울특별시,음악/콘서트,박지현 오보에 독주회,금호아트홀 연세,2022-11-20~2022-11-20,유료,예인예술기획 02-586-0945
723,서울특별시,음악/콘서트,대한민국 남성합창 페스티발,국립극장 해오름극장,2022-11-20~2022-11-20,유료,훈엔터테인먼트 02-332-5545
724,서울특별시,음악/콘서트,하세연 첼로 독주회,예술의전당 리사이틀홀,2022-11-20~2022-11-20,유료,지클레프 02-515-5123
725,서울특별시,음악/콘서트,"구로 클래식 페스타, 서서울필하모닉오케스트라",구로아트밸리예술극장,2022-11-20~2022-11-20,유료,"구로문화재단 02-2029-1725, 1700"
726,서울특별시,음악/콘서트,피아니스트 김진석 베토벤 시리즈 5,예술의전당 IBK챔버홀,2022-11-20~2022-11-20,유료,가온클래식 070-8811-0513
727,서울특별시,음악/콘서트,지브리 페스티벌,예술의전당 콘서트홀,2022-11-20~2022-11-20,유료,스톰프뮤직 02-2658-3546
733,서울특별시,음악/콘서트,한국을 이끄는 음악가 시리즈 6,롯데콘서트홀,2022-11-22~2022-11-22,유료,한경arte필하모닉 02-360-4073
734,서울특별시,음악/콘서트,엘리소 비르살라제 피아노 리사이틀,강동아트센터,2022-11-22~2022-11-22,유료,강동아트센터 02-440-0500
737,서울특별시,음악/콘서트,마리아 조앙 피레스 피아노 리사이틀,예술의전당 콘서트홀,2022-11-22~2022-11-22,유료,인아츠프로덕션 02-6954-7760
739,서울특별시,음악/콘서트,바리톤 정효식 독창회,세종문화회관 체임버홀,2022-11-22~2022-11-22,유료,영음예술기획 02-581-5404
740,서울특별시,음악/콘서트,남유리나 첼로 독주회,예술의전당 리사이틀홀,2022-11-22~2022-11-22,유료,지클레프 02-515-5123
744,서울특별시,국악,제22회 국립국악고등학교 개교 67돌 기념 목멱한마당,국립국악원 예악당,2022-11-23~2022-11-23,무료,국립국악고등학교 02-3497-0860
748,서울특별시,음악/콘서트,첼리스트 주연선 리사이틀,영산아트홀,2022-11-23~2022-11-23,유료,프레스토 아트 02-533-8207
749,서울특별시,무용/발레,"박성호의 전통춤 <술래잡기, 땡>",국립극장 하늘극장,2022-11-23~2022-11-23,유료,(주)나우판코리아 02-6925-1255
753,서울특별시,음악/콘서트,서울챔버뮤직소사이어티 네번째 공연,예술의전당 IBK챔버홀,2022-11-23~2022-11-23,유료,서울챔버뮤직소사이어티 02-544-6988
754,서울특별시,음악/콘서트,낭만주의 거장 차이코프스키 & 라흐마니노프,롯데콘서트홀,2022-11-23~2022-11-23,유료,"두남재엔터테인먼트 02-6292-9368, 9370"
758,서울특별시,음악/콘서트,"세실콘서트, 첼리스트 문지형",세실아트홀,2022-11-23~2022-11-23,유료,"세실아트홀 02-543-6352, 02-543-6752"
759,서울특별시,음악/콘서트,김진경 첼로 독주회,예술의전당 리사이틀홀,2022-11-23~2022-11-23,유료,"조인클래식 02-525-6162,5"
760,서울특별시,음악/콘서트,김수영 피아노 독주회,금호아트홀 연세,2022-11-23~2022-11-23,유료,J&R예술기획 02-3491-2370
761,서울특별시,음악/콘서트,"첼리스트 문지형, 2022 세실콘서트",세실아트홀,2022-11-23~2022-11-23,유료,"02 543 6752, 6352"
765,서울특별시,연극,카운트,소극장피카소,2022-11-21~2022-11-24,유료,극단 숨결 010-9175-1945
766,서울특별시,연극,"제22회 월드 2인극 페스티벌, 너울",시온아트홀,2022-11-22~2022-11-24,유료,2인극페스티벌 조직위원회 070-7776-6613
767,서울특별시,연극,"제22회 월드 2인극 페스티벌, 드랙퀸 오! 마담",시온아트홀,2022-11-22~2022-11-24,유료,2인극페스티벌 조직위원회 070-7776-6613
768,서울특별시,무용/발레,"제43회 서울무용제, SEOUL DANCE LAB",아르코예술극장 소극장,2022-11-22~2022-11-24,유료,서울무용제 조직위원회 02-744-8066
772,서울특별시,국악,화음,민속극장풍류,2022-11-24~2022-11-24,유료,(02) 566-6300
775,서울특별시,음악/콘서트,"아름다운 목요일, 금호 Exclusive: 엘리소 비르살라제 Piano",금호아트홀 연세,2022-11-24~2022-11-24,유료,금호문화재단 02-6303-1977
776,서울특별시,음악/콘서트,"M소나타 시리즈 #6, 문지영 피아노 리사이틀",마포아트센터 아트홀맥,2022-11-24~2022-11-24,유료,마포아트센터 02-3274-8600
778,서울특별시,음악/콘서트,제784회 KBS교향악단 정기연주회,예술의전당 콘서트홀,2022-11-24~2022-11-24,유료,KBS교향악단 02-6099-7400
783,서울특별시,음악/콘서트,오귀스탱 뒤메이 바이올린 리사이틀,롯데콘서트홀,2022-11-24~2022-11-24,유료,인아츠프로덕션 02-6954-7760
786,서울특별시,음악/콘서트,제19회 한국피아노듀오협회 스페셜콘서트,예술의전당 IBK챔버홀,2022-11-24~2022-11-24,유료,매니지먼트예진 02-2266-7740
788,서울특별시,음악/콘서트,M 소나타 시리즈 〈문지영 피아노 리사이틀〉,마포아트센터 아트홀맥,2022-11-24~2022-11-24,유료,02-3274-8600[공연문의1번]
791,서울특별시,무용/발레,"제43회 서울무용제, 경연대상부문",아르코예술극장 대극장,2022-11-18~2022-11-25,유료,서울무용제 조직위원회 02-744-8066
795,서울특별시,기타,미디어아트 x 시나 쓰는 앨리스: 상실의 별,스페이스 브릭,2022-11-25~2022-11-25,유료,인터파크 1544-1555
798,서울특별시,음악/콘서트,KT와 함께하는 예술의전당 마음을 담은 클래식 (11월),예술의전당 콘서트홀,2022-11-25~2022-11-25,유료,예술의전당 02-580-1300
799,서울특별시,음악/콘서트,필하모니 코리아 창단연주회,예술의전당 콘서트홀,2022-11-25~2022-11-25,유료,더브릿지컴퍼니 02-6094-1001
800,서울특별시,음악/콘서트,신세계로부터,롯데콘서트홀,2022-11-25~2022-11-25,유료,심포니 송 02-549-0046
803,서울특별시,음악/콘서트,바이올리니스트 박지현 & 비올리스트 홍진선 듀오 리사이틀,일신홀,2022-11-25~2022-11-25,유료,인터뮤직 02-2235-8956
805,서울특별시,음악/콘서트,Vox Amicis 두번째 연주회,영산아트홀,2022-11-25~2022-11-25,유료,코바기획 070-4110-8290
806,서울특별시,음악/콘서트,바이올리니스트 탁보늬 콘서트,웨스트브릿지,2022-11-25~2022-11-25,유료,인터파크 1544-1555
807,서울특별시,음악/콘서트,정나래 작곡 발표회: 음의 정경,롯데콘서트홀,2022-11-25~2022-11-25,유료,J&R예술기획 02-3491-2370
808,서울특별시,음악/콘서트,박지원 바이올린 독주회,세종문화회관 체임버홀,2022-11-25~2022-11-25,유료,예인예술기획 02-586-0945
809,서울특별시,음악/콘서트,이보미 귀국 피아노 독주회,예술의전당 리사이틀홀,2022-11-25~2022-11-25,유료,마스트미디어 02-541-3184
816,서울특별시,뮤지컬/오페라,우렁이색시 [서울 금천],레미어린이극장 금천점,2022-11-05~2022-11-26,유료,레미어린이극장 금천점 02-868-5961
818,서울특별시,연극,그녀는 함흥차를 타고 어디로 갔을까?,플랫폼74,2022-11-24~2022-11-26,유료,070-7954-4905
827,서울특별시,연극,"한밤의 공연 산책, 내게 빛나는 모든 것 (11월)",강동아트센터,2022-11-25~2022-11-26,유료,강동아트센터 02-440-0500
829,서울특별시,국악,자라는 자라,남산골한옥마을,2022-11-25~2022-11-26,유료,서울남산국악당 02-2261-0500
837,서울특별시,음악/콘서트,"인 하우스 아티스트 시리즈 II, 신창용 (11.26)",롯데콘서트홀,2022-11-26~2022-11-26,유료,롯데문화재단 1544-7744
839,서울특별시,음악/콘서트,서울시향 실내악 시리즈 VII,세종문화회관 체임버홀,2022-11-26~2022-11-26,유료,서울시립교향악단 1588-1210
843,서울특별시,뮤지컬/오페라,책먹는여우 [구로],구로구민회관,2022-11-26~2022-11-26,유료,극단 가람 031-633-4864
844,서울특별시,뮤지컬/오페라,알라딘과 자스민공주 [서울 강서],강서구민회관,2022-11-26~2022-11-26,유료,"극단 예일 02-555-0822~3, 1143"
846,서울특별시,음악/콘서트,"금호영아티스트콘서트, 차준호 피아노 독주회",금호아트홀 연세,2022-11-26~2022-11-26,유료,금호문화재단 02-6303-1977
847,서울특별시,음악/콘서트,박혜지 타악기 리사이틀,예술의전당 IBK챔버홀,2022-11-26~2022-11-26,유료,더브릿지컴퍼니 02-6094-1001
848,서울특별시,음악/콘서트,"금호영재콘서트, 이주와 피아노 독주회",금호아트홀 연세,2022-11-26~2022-11-26,유료,금호문화재단 02-6303-1977
849,서울특별시,음악/콘서트,어벤져스 히어로즈 VS 빌런즈 영화음악 콘서트,예술의전당 콘서트홀,2022-11-26~2022-11-26,유료,스톰프뮤직 02-2658-3546
853,서울특별시,연극,무니의 문 [서울 양천],갈산문화예술센터,2022-11-26~2022-11-26,유료,"양천문화재단 공연예술TF팀 02-2021-8910, 8906"
854,서울특별시,뮤지컬/오페라,프린세스 공주뮤지컬쇼 [서울 노원],노원구민의전당(구 노원구민회관),2022-11-26~2022-11-26,유료,진엔터컴 1566-7356
868,서울특별시,음악/콘서트,임현정의 신청곡 콘서트,마포아트센터 아트홀맥,2022-11-26~2022-11-26,유료,다나기획사 031-5176-2516
869,서울특별시,음악/콘서트,홍서현 귀국 첼로 독주회,예술의전당 리사이틀홀,2022-11-26~2022-11-26,유료,이든예술기획 02-6412-3053
873,서울특별시,음악/콘서트,2022 서울시향 실내악 시리즈 VII: 슬라브,세종문화회관 체임버홀,2022-11-26~2022-11-26,유료,1588-1210
874,서울특별시,음악/콘서트,어벤져스 히어로즈 VS 빌런즈 영화음악 콘서트,예술의전당 콘서트홀,2022-11-26~2022-11-26,유료,스톰프뮤직 02-2658-3546
880,서울특별시,뮤지컬/오페라,세종 이도의 꿈,경복궁아트홀,2022-10-03~2022-11-27,유료,경복궁아트홀 02-735-0506
881,서울특별시,연극,가면산장 살인사건 [서울],이화여자대학교 삼성홀,2022-10-04~2022-11-27,유료,비컨컴퍼니 1668-4338
882,서울특별시,연극,프랑켄슈타인,안똔체홉극장,2022-10-14~2022-11-27,유료,애플씨어터 02-742-7753
884,서울특별시,뮤지컬/오페라,드래곤 하이,국립중앙박물관 극장 용,2022-10-29~2022-11-27,유료,브러쉬씨어터 1600-8534
885,서울특별시,무용/발레,제12회 Duo Dance Festival,성균소극장,2022-11-02~2022-11-27,유료,DDFcommittee 02-3675-3336
886,서울특별시,연극,극동 시베리아 순례길,국립극단 백성희장민호극장,2022-11-02~2022-11-27,유료,국립극단 1644-2003
887,서울특별시,연극,발가락 육상천재 [서울],국립극단 소극장 판,2022-11-03~2022-11-27,유료,국립극단 1644-2003
888,서울특별시,연극,하이타이,후암씨어터,2022-11-03~2022-11-27,유료,010-2206-0523
889,서울특별시,무용/발레,제43회 서울무용제,아르코예술극장 대극장,2022-11-11~2022-11-27,유료,02-3668-0007
891,서울특별시,뮤지컬/오페라,"웰컴 대학로, 더 라스트맨",서경대학교 공연예술센터(혜화역),2022-11-15~2022-11-27,유료,더웨이브 02-6954-0772
894,서울특별시,무용/발레,[집밖] 작꾸 둥굴구 서뚜르게,예술의전당 자유소극장,2022-11-18~2022-11-27,유료,02-3472-1420
895,서울특별시,연극,NOCHE DE PALOMA,대학로 스튜디오 블루 (구 두레홀 3관),2022-11-18~2022-11-27,유료,극단 아루또 02-6012-2511
896,서울특별시,연극,서울빠뺑자매,씨어터 조이(구 마당세실극장),2022-11-18~2022-11-27,유료,창작집단 상상두목 0505-041-0707
898,서울특별시,연극,신진연극인페스티벌 7,코델아트홀,2022-11-22~2022-11-27,유료,플레이티켓 02-322-3658
899,서울특별시,연극,미치던 날 [서울],대학로 공간아울,2022-11-22~2022-11-27,유료,학교에연극을심는사람들 010-2684-3766
901,서울특별시,연극,"웰컴 대학로, 이솝우화",서경대학교 공연예술센터(혜화역),2022-11-24~2022-11-27,유료,공상집단 뚱딴지 010-3925-1358
903,서울특별시,연극,붉은 가을,대학로예술극장 소극장,2022-11-25~2022-11-27,유료,02-3668-0007
904,서울특별시,연극,뤂_홀,서강대 메리홀,2022-11-25~2022-11-27,유료,010-6835-6543
905,서울특별시,무용/발레,스텝업,예술의전당 자유소극장,2022-11-25~2022-11-27,유료,02-3472-1420
906,서울특별시,연극,깔깔나무,종로아이들극장,2022-11-25~2022-11-27,유료,"국립아시아문화전당재단 062-601-4664, 4670"
907,서울특별시,무용/발레,"요안 부르주아, 푸가/트램펄린",LG아트센터 서울,2022-11-25~2022-11-27,유료,LG아트센터 서울 티켓박스 1661-0017
908,서울특별시,무용/발레,"요안 부르주아 컴퍼니, 기울어진 사람들",LG아트센터 서울,2022-11-25~2022-11-27,유료,LG아트센터 서울 티켓박스 1661-0017
909,서울특별시,무용/발레,더 토핑,세종문화회관 S씨어터,2022-11-25~2022-11-27,유료,세종문화티켓 02-399-1000
911,서울특별시,연극,"봄 작가, 겨울 무대, 붉은 가을",대학로예술극장 소극장,2022-11-25~2022-11-27,유료,아르코 대학로예술극장 02-3668-0007
924,서울특별시,연극,"제6회 구로꿈나무인형극제, 퍼니 프렌즈",구로꿈나무극장,2022-11-26~2022-11-27,유료,구로꿈나무극장 02-830-2561~2 / 2508
925,서울특별시,연극,갈수록 가관이네! [관악],관악아트홀,2022-11-26~2022-11-27,유료,관악아트홀 02-828-5700
928,서울특별시,연극,"제22회 월드 2인극 페스티벌, 남매",대학로 예술공간 혜화,2022-11-26~2022-11-27,유료,2인극페스티벌 조직위원회 070-7776-6613
930,서울특별시,무용/발레,"제43회 서울무용제, 폐막 및 시상식",아르코예술극장 대극장,2022-11-27~2022-11-27,무료,서울무용제 조직위원회 02-744-8066
932,서울특별시,음악/콘서트,이현진 피아노 독주회,예술의전당 인춘아트홀,2022-11-27~2022-11-27,유료,스톰프뮤직 02-2658-3546
933,서울특별시,음악/콘서트,[파가니니 탄생 240주년] 리스트와 쇼팽이 추억하는 파가니니,예술의전당 콘서트홀,2022-11-27~2022-11-27,유료,스톰프뮤직 02-2658-3546
934,서울특별시,연극,이인환각연쇄고리,koldsleep,2022-09-02~2022-11-28,유료,koldsleep@gmail.com
935,서울특별시,음악/콘서트,크리스티안 틸레만 & 베를린 슈타츠카펠레 [롯데콘서트홀],롯데콘서트홀,2022-11-28~2022-11-28,유료,마스트미디어 02-541-2512
936,서울특별시,국악,2022 팔일(八佾),한국문화의 집 코우스,2022-11-08~2022-11-29,유료,한국문화의집 KOUS 02-3011-1740
937,서울특별시,음악/콘서트,트리오 베스페로 정기연주회,금호아트홀 연세,2022-11-29~2022-11-29,유료,지클레프 02-515-5123
943,서울특별시,음악/콘서트,곽지승 플루트 독주회,예술의전당 리사이틀홀,2022-11-29~2022-11-29,유료,예인예술기획 02-586-0945
944,서울특별시,음악/콘서트,김응수 & 크리스토퍼 박 듀오 리사이틀,예술의전당 IBK챔버홀,2022-11-29~2022-11-29,유료,피트뮤직 02-396-9697
945,서울특별시,음악/콘서트,유한나 바이올린 독주회,세종문화회관 체임버홀,2022-11-29~2022-11-29,유료,예인예술기획 02-586-0945
947,서울특별시,국악,2022 다담,국립국악원 우면당,2022-02-23~2022-11-30,유료,02-580-3300
948,서울특별시,국악,다담,국립국악원 우면당,2022-02-23~2022-11-30,유료,02-580-3300
949,서울특별시,뮤지컬/오페라,요한복음,광야아트센터,2022-03-12~2022-11-30,유료,-
951,서울특별시,뮤지컬/오페라,뮤지컬 <써니텐>,하마씨어터,2022-07-08~2022-11-30,유료,02-766-0830
952,서울특별시,국악,"삼청각 수요상설공연, 남상일의 토크 국악",삼청각 일화당,2022-09-07~2022-11-30,유료,02-765-3000
954,서울특별시,연극,7시에 만나 Renewal,창조소극장 (구. 민아트홀),2022-10-04~2022-11-30,유료,인스타그램 @see_u_at_7 / 인터파크 1544-1555
956,서울특별시,음악/콘서트,국립한글박물관 11월 문화행사 공연,국립한글박물관,2022-11-01~2022-11-30,무료,02-2124-6292
962,서울특별시,음악/콘서트,크리스티안 틸레만 & 베를린 슈타츠카펠레,예술의전당 콘서트홀,2022-11-30~2022-11-30,유료,마스트미디어 02-541-2512
964,서울특별시,음악/콘서트,예술의전당 아티스트 라운지 (11월),예술의전당 IBK챔버홀,2022-11-30~2022-11-30,유료,예술의전당 02-580-1300
967,서울특별시,음악/콘서트,박민 바이올린 독주회,예술의전당 인춘아트홀,2022-11-30~2022-11-30,유료,지클레프 02-515-5123
973,서울특별시,국악,국립국악관현악단 <정오의 음악회 12월>,국립극장 해오름극장,2022-12-01~2022-12-01,유료,02-2280-4114
974,서울특별시,연극,"[돈의문박물관마을] 장소특정, 관객참여형 연극 '백 년의 밤'",돈의문박물관마을,2022-09-30~2022-12-02,유료,"돈의문박물관마을 전화 070-4411-5700 , 이메일 dm_village@naver.com"
976,서울특별시,연극,토요마임극장,스튜디오QDA,2022-03-05~2022-12-03,유료,01098198992
977,서울특별시,뮤지컬/오페라,정글 라이프 [서울],반포심산아트홀,2022-11-23~2022-12-03,유료,서초문화재단 공연사업팀 02-3477-2805
978,서울특별시,국악,국립무용단 <홀춤Ⅲ : 홀춤과 겹춤>,국립극장 달오름극장,2022-12-02~2022-12-03,유료,02-2280-4114
980,서울특별시,뮤지컬/오페라,에곤 실레,예스24스테이지,2022-09-14~2022-12-04,유료,HJ컬쳐 02-588-7708
981,서울특별시,뮤지컬/오페라,모딜리아니,예스24스테이지,2022-09-14~2022-12-04,유료,02-588-7708
982,서울특별시,뮤지컬/오페라,인간의 법정,아트원씨어터,2022-09-28~2022-12-04,유료,070-7724-1535
985,서울특별시,뮤지컬/오페라,앨리스 in 원더랜드 (앨리스 인 원더랜드) [서울],상상나라극장,2022-11-19~2022-12-04,유료,상상나라극장 02-456-0116
986,서울특별시,연극,화원,나온씨어터,2022-11-25~2022-12-04,유료,창작집단LAS 070-8154-9944
989,서울특별시,뮤지컬/오페라,오페라<라보엠>,예술의전당 오페라극장,2022-12-01~2022-12-04,유료,02-580-1300
990,서울특별시,무용/발레,침묵,대학로예술극장 소극장,2022-12-03~2022-12-04,유료,02-3668-0007
991,서울특별시,음악/콘서트,Peace Concert '끝나지 않은 이야기',노원문화예술회관,2022-12-05~2022-12-05,"유료,할인",카카오톡 채널 [ 아트밤 ]
992,서울특별시,음악/콘서트,에릭 루 피아노 리사이틀,예술의전당 IBK챔버홀,2022-12-06~2022-12-06,유료,02-541-2512
997,서울특별시,음악/콘서트,케이트 리우 피아노 리사이틀,예술의전당 IBK챔버홀,2022-12-10~2022-12-10,유료,스톰프뮤직 02-2658-3546
998,서울특별시,연극,아트 (ART),예스24스테이지,2022-09-17~2022-12-11,유료,나인스토리 02-3672-0900
999,서울특별시,뮤지컬/오페라,테레즈 라캥,드림아트센터,2022-09-20~2022-12-11,유료,070-8095-9734
1000,서울특별시,연극,[집밖] 메이드 인 제인,CJ 아지트 대학로(구 SM아트홀),2022-11-12~2022-12-11,유료,창작집단 농담 010-4151-3424
1001,서울특별시,연극,진구는 게임 중,학전블루소극장,2022-11-12~2022-12-11,유료,학전 02-763-8233
1002,서울특별시,뮤지컬/오페라,"알로하, 나의 엄마들",세종문화회관 M씨어터,2022-11-22~2022-12-11,유료,서울시뮤지컬단 02-399-1771~3
1003,서울특별시,연극,로켓 캔디,아르코예술극장 소극장,2022-12-03~2022-12-11,유료,02-3668-0007
1004,서울특별시,연극,스푸트니크,아르코예술극장 소극장,2022-12-03~2022-12-11,유료,02-3668-0007
1005,서울특별시,무용/발레,겨울 나그네,예술의전당 자유소극장,2022-12-09~2022-12-11,유료,02-3472-1420
1006,서울특별시,음악/콘서트,오마주 투 쇼팽,예술의전당 콘서트홀,2022-12-11~2022-12-11,유료,스톰프뮤직 02-2658-3546
1007,서울특별시,음악/콘서트,국립합창단 제192회 정기연주회 <2022 송년축하 음악회>,롯데콘서트홀,2022-12-12~2022-12-12,유료,02-587-8111
1008,서울특별시,음악/콘서트,국립합창단 제192회 정기연주회 <2022 송년축하 음악회>,롯데 콘서트홀,2022-12-12~2022-12-12,"유료,할인",국립합창단 02) 587-8111
1009,서울특별시,음악/콘서트,"2022 카즈미 타테이시 트리오 내한 공연-크리스마스, 재즈를 만나다-",세종문화회관 M씨어터,2022-12-13~2022-12-13,유료,070-8680-8477
1010,서울특별시,국악,민속악단 기획공연 <서도소리와 놀다-왔구나 왔어! 3인의 배뱅이>,국립국악원 풍류사랑방,2022-12-13~2022-12-14,유료,02-580-3300
1013,서울특별시,음악/콘서트,포아 피아노연구회 베토벤 피아노 소나타 전곡 연주,푸르지오 아트홀,2022-11-10~2022-12-15,유료,카카오톡채널 포아피아노연구회 / 인터파크 1544-1555
1016,서울특별시,전시,진민욱 초대전 <어제 걸은 길 The road that I walked yesterday>,한원미술관,2022-10-06~2022-12-16,무료,02-588-5642
1017,서울특별시,음악/콘서트,2022 파리나무십자가 소년합창단 특별초청공연,예술의전당 콘서트홀,2022-12-16~2022-12-16,유료,031-738-1492
1019,서울특별시,음악/콘서트,이우일 바이올린 독주회,예술의전당 인춘아트홀,2022-12-16~2022-12-16,유료,스톰프뮤직 02-2658-3546
1020,서울특별시,연극,세컨드 찬스,두산아트센터 space111,2022-11-29~2022-12-17,유료,010-2069-7202
1023,서울특별시,연극,물고양이,씨어터 앤 펍 맥거핀,2022-10-13~2022-12-18,유료,010-8324-8454
1024,서울특별시,연극,연극 <밝은 밤>,옵/신 스페이스(구 서촌공간 서로),2022-12-09~2022-12-18,"유료,할인",070-8156-6330
1027,서울특별시,국악,별곡,민속극장풍류,2022-12-06~2022-12-20,유료,(02) 566-6300
1028,서울특별시,음악/콘서트,오르간 오딧세이 (2~12월),롯데콘서트홀,2022-02-16~2022-12-21,유료,1544-7744
1029,서울특별시,국악,"삼청각 수요상설공연, 박애리의 특별한 국악콘서트",삼청각 일화당,2022-10-05~2022-12-21,유료,삼청각 02-765-3000
1030,서울특별시,국악,대표공연 <임인진연>,국립국악원 예악당,2022-12-16~2022-12-21,유료,02-580-3300
1031,서울특별시,국악,세 가지 선물-창극 콘서트 <연작(連作)>,국립극장 해오름극장,2022-12-20~2022-12-21,유료,02-2280-4114
1032,서울특별시,연극,2시간탈출졸탄쇼,졸탄극장,2022-07-01~2022-12-22,유료,1661-3124
1033,서울특별시,전시,신촌문화발전소 기획전시 <클라인 클럽 Klein Club>,신촌문화발전소,2022-10-25~2022-12-23,무료,02-330-4393
1034,서울특별시,국악,더스토리인간문화재,민속극장풍류,2022-12-21~2022-12-23,유료,(02) 566-6300
1035,서울특별시,국악,더스토리인간문화재,민속극장풍류,2022-12-21~2022-12-23,유료,(02) 566-6300
1036,서울특별시,기타,2022 1-2월 토요국악동화,국립국악원 (풍류사랑방),2022-02-05~2022-12-24,유료,02-580-3300
1038,서울특별시,국악,2022 토요명품,국립국악원 우면당,2022-11-05~2022-12-24,유료,02-580-3300
1039,서울특별시,국악,토요국악동화,국립국악원 풍류사랑방,2022-11-05~2022-12-24,유료,02-580-3300
1040,서울특별시,무용/발레,"안녕, 나의 그르메",대학로예술극장 대극장,2022-12-23~2022-12-24,유료,02-3668-0007
1044,서울특별시,국악,영재국악회,남산골한옥마을,2022-05-15~2022-12-25,유료,클립서비스 1577-3363
1048,서울특별시,연극,스카팽 [서울 용산],국립극단 명동예술극장,2022-11-23~2022-12-25,유료,국립극단 1644-2003
1049,서울특별시,무용/발레,예술의전당 & 국립발레단 <호두까기인형>,예술의전당 오페라극장,2022-12-17~2022-12-25,유료,미정
1051,서울특별시,무용/발레,세 가지 선물-전통춤 모음 <수작(秀作)>,국립극장 해오름극장,2022-12-24~2022-12-25,유료,02-2280-4114
1054,서울특별시,뮤지컬/오페라,푸에르자 부르타 웨이라 인 서울,잠실종합운동장 보조경기장,2022-09-29~2022-12-26,유료,쇼비얀엔터테인먼트 02-540-2010
1055,서울특별시,연극,학교스타그램,졸탄극장,2022-11-14~2022-12-26,유료,졸탄극장 010-4521-6193
1056,서울특별시,음악/콘서트,라움 마티네 콘서트,소셜베뉴 라움,2022-02-22~2022-12-27,유료,02-538-3366
1057,서울특별시,음악/콘서트,2022 라움 마티네 콘서트,소셜베뉴 라움,2022-03-29~2022-12-27,"유료,할인",02-6925-4794
1058,서울특별시,국악,예인열전(藝人列傳) 최경만의 피리 소리 스치우고,한국문화의 집 코우스,2022-11-01~2022-12-27,유료,한국문화의집KOUS 02-3011-1740
1059,서울특별시,무용/발레,0g,대학로예술극장 소극장,2022-12-29~2022-12-30,유료,02-3668-0007
1060,서울특별시,기타,CONTACT_온라인 마술 공연,라온플레이,2020-08-04~2022-12-31,유료,02-914-1500
1062,서울특별시,전시,국립중앙도서관 「실감서재」,실감서재,2021-03-23~2022-12-31,무료,02-3456-6169
1063,서울특별시,연극,사랑과 전쟁2,대학로 스튜디오 블루 (구 두레홀 3관),2021-07-15~2022-12-31,유료,대학로 두레홀 02-3672-0855
1067,서울특별시,전시,S프로젝트_Connected Tunnel,소마미술관 2관,2021-12-21~2022-12-31,무료,02-425-1077
1071,서울특별시,연극,오백에삼십,세우아트센터,2022-01-01~2022-12-31,"유료,할인",010-6460-7679
1074,서울특별시,뮤지컬/오페라,뮤지컬 환타,하마씨어터,2022-01-14~2022-12-31,유료,02-766-0830
1075,서울특별시,전시,"훈민정음, 천년의 문자 계획",국립한글박물관,2022-01-21~2022-12-31,무료,02-2124-6200
1076,서울특별시,연극,연극 옥탑방 고양이,대학로 틴틴홀,2022-02-01~2022-12-31,유료,02-764-8760
1077,서울특별시,연극,늘근도둑이야기,아트포레스트 아트홀,2022-03-05~2022-12-31,유료,02-3672-0900
1078,서울특별시,뉴스/지식,[국립국악원 e-국악아카데미] 뉴스레터로 가장 빠르게 국악 콘텐츠를 만나보세요! (온라인),-,2022-04-22~2022-12-31,무료,02-580-3086
1079,서울특별시,교육/체험,2022년 선릉아트홀 명인 명창 국악특강 시리즈 14 MASTER CLASS,-,2022-05-01~2022-12-31,유료,"02-553-0067 평일(11시~18시), 점심시간 제외(13시~14시) , 카카오톡 채널 '선릉아트홀'"
1080,서울특별시,전시,FUTURE FOOD · 혀가 느끼는 고민 展,셀린박갤러리,2022-05-18~2022-12-31,유료,아이러브아트센터 070-5222-3778
1081,서울특별시,뮤지컬/오페라,뮤직드라마 당신만이,JTN 아트홀,2022-05-27~2022-12-31,유료,070-8245-2602
1082,서울특별시,뮤지컬/오페라,당신만이,JTN 아트홀,2022-05-27~2022-12-31,유료,070-8245-2602
1084,서울특별시,음악/콘서트,판소리와 미디어 아트의 입체적 만남 '두개의 눈',국립극장,2022-06-23~2022-12-31,"유료,할인",국립극장
1085,서울특별시,아동/가족,국립한글박물관 2022년 하반기 공연 일정,국립한글박물관,2022-07-01~2022-12-31,무료,02-2124-6292
1086,서울특별시,뮤지컬/오페라,날개 잃은 천사: 사람은 무엇으로 사는가,북촌나래홀,2022-07-06~2022-12-31,유료,조이피플 02-988-2258
1087,서울특별시,교육/체험,증강현실로 만나는 도서관,-,2022-07-14~2022-12-31,무료,02-3413-4800
1088,서울특별시,전시,[집밖] S프로젝트_커넥티드터널,소마미술관,2022-09-02~2022-12-31,유료,02-425-1077
1089,서울특별시,뮤지컬/오페라,내일은 스타,명작극장,2022-09-18~2022-12-31,유료,명작극장 010-7417-9986
1090,서울특별시,전시,"쉼 , 밤의 흔적 물의 위로",미디어 아트 갤러리 언더독뮤지엄,2022-09-19~2022-12-31,유료,02-336-0423
1092,서울특별시,연극,러브 앤 전쟁,원패스아트홀,2022-10-01~2022-12-31,유료,인터파크 1544-1555
1093,서울특별시,뮤지컬/오페라,디바,룸어씨어터,2022-10-20~2022-12-31,유료,아쉬레엔터테인먼트 1800-5073
1094,서울특별시,뮤지컬/오페라,NEW 사랑을 이루어 드립니다,룸 씨어터,2022-10-21~2022-12-31,유료,에스앤엘컴퍼니 1661-7901
1095,서울특별시,연극,추적 [대학로],대학로 SH아트홀,2022-10-21~2022-12-31,유료,070-4179-1775
1096,서울특별시,무용/발레,제12회 별의별춤 페스티벌,소극장 스튜디오SK,2022-10-22~2022-12-31,유료,한국춤예술센터 02-3675-3336
1099,서울특별시,연극,<맥베스 레퀴엠>,국립정동극장,2022-12-01~2022-12-31,유료,02-751-1500
1100,서울특별시,국악,세 가지 선물-송년 음악회 <명작(名作)>,국립극장 해오름극장,2022-12-30~2022-12-31,유료,02-2280-4114
1101,서울특별시,국악,국립극장 <송년판소리>,국립극장,2022-12-31~2022-12-31,유료,02-2280-4114
1104,서울특별시,뮤지컬/오페라,랭보,대학로 TOM(티오엠)1관,2022-10-18~2023-01-01,유료,클립서비스 1577-3363
1107,서울특별시,연극,복길잡화점 (앵콜),해오름 예술극장,2022-11-04~2023-01-01,유료,010-9167-5619
1109,서울특별시,뮤지컬/오페라,우리가 사랑했던 그날,한성아트홀,2022-11-11~2023-01-01,유료,어드벤쳐프로젝트 070-8919-0647
1112,서울특별시,연극,온 더 비트,대학로 TOM(티오엠) 2관,2022-11-21~2023-01-01,유료,클립서비스 1577-3363
1115,서울특별시,뮤지컬/오페라,범옹,드림아트센터,2022-10-25~2023-01-08,유료,인터파크 1544-1555
1116,서울특별시,뮤지컬/오페라,우리들의 사랑,예그린씨어터,2022-11-18~2023-01-08,유료,문민기획 02-723-2245
1118,서울특별시,연극,사나이 와타나베,컬쳐스페이스 엔유(구.쁘띠첼 씨어터),2022-10-25~2023-01-15,유료,인사이트엔터텐인먼트 02-541-7152
1119,서울특별시,뮤지컬/오페라,바람으로의 여행,JTN 아트홀,2022-11-04~2023-01-15,유료,LP STORY 02-565-2245
1120,서울특별시,뮤지컬/오페라,브로드웨이 42번가,예술의전당 CJ토월극장,2022-11-05~2023-01-15,유료,오픈리뷰 1588-5212
1121,서울특별시,뮤지컬/오페라,지저스 크라이스트 수퍼스타 50주년 기념 한국 공연,광림아트센터 BBCH홀,2022-11-10~2023-01-15,유료,클립서비스 1577-3363
1122,서울특별시,뮤지컬/오페라,드라큘라,올림픽공원 우리금융아트홀,2022-11-15~2023-01-15,유료,글로벌컨텐츠 02-2051-1698 / 1577-3363
1123,서울특별시,연극,러브액츄얼리,"R&J씨어터(구,연진아트홀)",2022-10-21~2023-01-17,유료,인터파크 1544-1555
1125,서울특별시,뮤지컬/오페라,볼륨업,더 서울라이티움 1관,2022-09-02~2023-01-24,유료,010-9970-8101
1126,서울특별시,뮤지컬/오페라,클림트,더 서울라이티움 1관,2022-09-16~2023-01-24,유료,02-466-8101
1127,서울특별시,전시,[집밖] 제12회 서울미디어시티비엔날레 사전프로그램 <정거장>,서울시립미술관 남서울미술관,2022-07-21~2023-01-29,무료,02-2124-8975
1129,서울특별시,전시,[집밖] 문신(文信) : 우주를 향하여,국립현대미술관 덕수궁관,2022-09-01~2023-01-29,무료,02-2022-0600
1130,서울특별시,연극,에쿠우스 [서울],충무아트센터 중극장 블랙,2022-11-08~2023-01-29,유료,아트리버 02-6498-0403
1131,서울특별시,뮤지컬/오페라,푸른 잿빛 밤,드림아트센터,2022-11-22~2023-01-29,유료,홍컴퍼니 02-3444-0205
1132,서울특별시,뮤지컬/오페라,용의자X의 헌신,한전아트센터,2022-11-26~2023-01-29,유료,티켓링크 1588-7890
1133,서울특별시,전시,[소마미술관] 뒤뷔페전,소마미술관 2관,2022-10-01~2023-01-31,유료,02-425-1077
1134,서울특별시,전시,[집밖] 뒤뷔페 그리고 빌레글레,소마미술관,2022-10-01~2023-01-31,무료,02-425-1077
1137,서울특별시,전시,[집밖] 이만익-별을그리는마음,소마미술관,2022-09-02~2023-02-05,유료,02-425-1077
1138,서울특별시,전시,[소마미술관] 작가재조명전<이만익-별을 그리는 마음>,소마미술관 1관,2022-09-02~2023-02-05,유료,02-425-1077
1139,서울특별시,뮤지컬/오페라,하트시그널,하마씨어터,2022-11-02~2023-02-14,유료,하마컴퍼니 02-766-0830
1140,서울특별시,연극,서툰 사람들,예스24스테이지,2022-11-26~2023-02-19,유료,파크컴퍼니 02-6925-0419
1143,서울특별시,전시,[집밖] MMCA 현대차 시리즈 2022: 최우람 - 작은 방주,국립현대미술관 서울관,2022-09-09~2023-02-26,유료,02-3701-9500
1145,서울특별시,뮤지컬/오페라,마틸다,디큐브아트센터,2022-10-05~2023-02-26,유료,인터파크 1544-1555
1146,서울특별시,뮤지컬/오페라,여신님이 보고 계셔 10th Anniversary,대학로 유니플렉스 1관,2022-11-08~2023-02-26,유료,클립서비스 1577-3363
1147,서울특별시,뮤지컬/오페라,웨스트 사이드 스토리,충무아트센터 대극장,2022-11-17~2023-02-26,유료,쇼노트 02-3485-8700
1148,서울특별시,연극,오펀스(Orphans),아트원씨어터,2022-11-29~2023-02-26,유료,인터파크 1544-1555
1149,서울특별시,기타,그랜드 엑스페디션,블루스퀘어 카오스홀,2022-09-30~2023-03-01,유료,인터파크 1544-1555
1151,서울특별시,교육/체험,[집밖] 어린이박물관 상설전시 <우리 이제 만나요>,국립민속박물관 어린이박물관,2022-04-28~2023-03-12,무료,"02-3704-3014, 3015"
1152,서울특별시,전시,[집밖] 서도호와 아이들: 아트랜드,서울시립 북서울미술관,2022-07-26~2023-03-12,무료,전시문의 02-2124-5269 / 관람문의 02-2124-5201
1153,서울특별시,연극,진짜나쁜소녀,대학로 유니플렉스 3관,2022-11-12~2023-03-12,유료,휴먼컴퍼니 02-6221-6485
1154,서울특별시,전시,[집밖] MMCA 이건희컬렉션 특별전 이중섭,국립현대미술관 서울관,2022-08-12~2023-04-23,무료,02-3701-9500
1155,서울특별시,전시,2022 SOMA 공공미술프로젝트,올림픽공원,2022-10-17~2023-05-31,무료,02-425-1077
1157,서울특별시,전시,"[집밖] 영원한 삶의 집, 아스타나 고분",국립중앙박물관,2022-07-16~2023-07-15,무료,02-2077-9000
1159,서울특별시,전시,박노해 사진전 <아이들은 놀라워라>,라 카페 갤러리,2022-09-30~2023-10-01,무료,라 카페 갤러리 02-379-1975
1160,서울특별시,전시,[집밖] 일본 불교조각의 세계,국립중앙박물관,2022-04-05~2023-10-09,무료,02-2077-9000
1162,서울특별시,전시,"[집밖] 영원한 나르시시스트, 천경자-상시",서울시립미술관,2022-08-29~2023-12-31,무료,02-2124-8954
1163,서울특별시,전시,"[집밖] 메소포타미아, 저 기록의 땅",국립중앙박물관,2022-07-22~2024-01-28,무료,02-2077-9000
